url,id,full_name,language,forks,stars,open_issues
https://api.github.com/repos/dotnet/dotnet-api-docs,111510915,dotnet/dotnet-api-docs,C#,1614,837,1597
https://api.github.com/repos/Flagsmith/flagsmith,136163130,Flagsmith/flagsmith,Python,447,5733,401
https://api.github.com/repos/microsoft/Web-Dev-For-Beginners,311525798,microsoft/Web-Dev-For-Beginners,JavaScript,13548,89820,143
https://api.github.com/repos/spring-projects/spring-kafka,52980493,spring-projects/spring-kafka,Java,1631,2350,61
https://api.github.com/repos/stair-lab/kg-gen,880940273,stair-lab/kg-gen,Python,60,513,6
https://api.github.com/repos/wailsapp/wails,161951219,wailsapp/wails,Go,1397,28765,288
https://api.github.com/repos/DistroAV/DistroAV,71643008,DistroAV/DistroAV,C++,391,3736,59
https://api.github.com/repos/Nethereum/Nethereum,46746187,Nethereum/Nethereum,C#,733,2201,109
https://api.github.com/repos/pdfme/pdfme,398753576,pdfme/pdfme,TypeScript,326,3298,61
https://api.github.com/repos/propelorm/Propel2,2524463,propelorm/Propel2,PHP,400,1270,265
https://api.github.com/repos/microsoft/Windows-classic-samples,42122336,microsoft/Windows-classic-samples,,3296,5359,163
https://api.github.com/repos/SoftFever/OrcaSlicer,514553345,SoftFever/OrcaSlicer,C++,1257,9981,1022
https://api.github.com/repos/hasanharman/form-builder,862289957,hasanharman/form-builder,TypeScript,227,2284,25
https://api.github.com/repos/Genymobile/scrcpy,111583593,Genymobile/scrcpy,C,11625,124205,2435
https://api.github.com/repos/odigos-io/odigos,501095512,odigos-io/odigos,Go,222,3451,42
https://api.github.com/repos/simonw/llm,622352364,simonw/llm,Python,526,8653,450
https://api.github.com/repos/anyproto/anytype-ts,643874750,anyproto/anytype-ts,TypeScript,348,5631,123
https://api.github.com/repos/BoundaryML/baml,701494311,BoundaryML/baml,Rust,182,4102,215
https://api.github.com/repos/asgeirtj/system_prompts_leaks,976921297,asgeirtj/system_prompts_leaks,JavaScript,1552,6813,5
https://api.github.com/repos/hackmdio/codimd,35017238,hackmdio/codimd,JavaScript,1098,9692,337
https://api.github.com/repos/fatih/dotfiles,19358112,fatih/dotfiles,Lua,140,833,1
https://api.github.com/repos/langchain-ai/open-agent-platform,967116984,langchain-ai/open-agent-platform,TypeScript,247,1323,28
https://api.github.com/repos/nxtscape/nxtscape,985839104,nxtscape/nxtscape,Shell,52,973,8
https://api.github.com/repos/clemlesne/scrape-it-now,842905162,clemlesne/scrape-it-now,Python,20,519,17
https://api.github.com/repos/opal/opal,184366,opal/opal,Ruby,332,4868,149
https://api.github.com/repos/strapi/documentation,306091505,strapi/documentation,JavaScript,1223,1130,57
https://api.github.com/repos/humanlogio/humanlog,25216233,humanlogio/humanlog,Go,54,826,32
https://api.github.com/repos/virattt/ai-hedge-fund,896144595,virattt/ai-hedge-fund,Python,6440,37090,28
https://api.github.com/repos/microsoft/promptflow,660489378,microsoft/promptflow,Python,994,10496,71
https://api.github.com/repos/golang-design/clipboard,314230339,golang-design/clipboard,Go,75,694,24
https://api.github.com/repos/HotCakeX/Harden-Windows-Security,569233100,HotCakeX/Harden-Windows-Security,C#,211,2643,12
https://api.github.com/repos/shoelace-style/shoelace,98339432,shoelace-style/shoelace,TypeScript,899,13539,89
https://api.github.com/repos/dotnet/docs,35890081,dotnet/docs,,6012,4465,1365
https://api.github.com/repos/Scale3-Labs/langtrace,779843396,Scale3-Labs/langtrace,TypeScript,89,963,2
https://api.github.com/repos/ibelick/zola,959063625,ibelick/zola,TypeScript,151,883,19
https://api.github.com/repos/intellij-solidity/intellij-solidity,82682728,intellij-solidity/intellij-solidity,Kotlin,97,1088,63
https://api.github.com/repos/elsa-workflows/elsa-core,151148482,elsa-workflows/elsa-core,C#,1351,7138,799
https://api.github.com/repos/netz98/n98-magerun2,25814103,netz98/n98-magerun2,PHP,227,901,32
https://api.github.com/repos/ktorio/ktor,40136600,ktorio/ktor,Kotlin,1149,13687,181
https://api.github.com/repos/bcherny/json-schema-to-typescript,54443780,bcherny/json-schema-to-typescript,TypeScript,409,3091,169
https://api.github.com/repos/Felix3322/PotPlayer_ChatGPT_Translate,891226379,Felix3322/PotPlayer_ChatGPT_Translate,AngelScript,35,529,0
https://api.github.com/repos/noodlehaus/dispatch,3322218,noodlehaus/dispatch,PHP,102,534,0
https://api.github.com/repos/TracecatHQ/tracecat,763923484,TracecatHQ/tracecat,Python,244,2874,33
https://api.github.com/repos/DataDog/dd-trace-java,89221572,DataDog/dd-trace-java,Java,306,648,281
https://api.github.com/repos/getsentry/sentry,873328,getsentry/sentry,Python,4376,41187,2428
https://api.github.com/repos/sooperset/mcp-atlassian,897809208,sooperset/mcp-atlassian,Python,376,2132,51
https://api.github.com/repos/github/docs,189621607,github/docs,TypeScript,62202,17497,52
https://api.github.com/repos/btwld/mix,378459401,btwld/mix,Dart,43,700,36
https://api.github.com/repos/vercel/turborepo,413918947,vercel/turborepo,Rust,2018,27989,140
https://api.github.com/repos/Codehagen/Badget,737550719,Codehagen/Badget,TypeScript,281,2566,1
https://api.github.com/repos/akto-api-security/akto,595526110,akto-api-security/akto,Java,248,1332,170
https://api.github.com/repos/uxlfoundation/oneDAL,54928587,uxlfoundation/oneDAL,C++,221,637,67
https://api.github.com/repos/Azure/azure-storage-azcopy,114798676,Azure/azure-storage-azcopy,Go,240,645,212
https://api.github.com/repos/open-ani/animeko,519845229,open-ani/animeko,Kotlin,192,7839,368
https://api.github.com/repos/johnlindquist/kit,317639685,johnlindquist/kit,TypeScript,143,4050,144
https://api.github.com/repos/ggml-org/whisper.cpp,541269386,ggml-org/whisper.cpp,C++,4386,41026,979
https://api.github.com/repos/owncast/owncast,266445736,owncast/owncast,Go,1059,10247,208
https://api.github.com/repos/uxlfoundation/scikit-learn-intelex,143831524,uxlfoundation/scikit-learn-intelex,Python,182,1295,99
https://api.github.com/repos/ckan/ckan,2750721,ckan/ckan,Python,2037,4736,801
https://api.github.com/repos/microsoft/vscode-vsce,42926209,microsoft/vscode-vsce,TypeScript,218,897,29
https://api.github.com/repos/dynamoose/dynamoose,16962535,dynamoose/dynamoose,JavaScript,367,2218,120
https://api.github.com/repos/ComposioHQ/composio,762304524,ComposioHQ/composio,Python,4424,25552,83
https://api.github.com/repos/FluidGroup/Brightroom,152070599,FluidGroup/Brightroom,Swift,321,3527,33
https://api.github.com/repos/RSSNext/Folo,783512367,RSSNext/Folo,TypeScript,1167,26883,208
https://api.github.com/repos/MarimerLLC/csla,8085749,MarimerLLC/csla,C#,407,1306,45
https://api.github.com/repos/microsoft/vcpkg,68312233,microsoft/vcpkg,CMake,6930,25083,1395
https://api.github.com/repos/dotnet/dotnet,550902717,dotnet/dotnet,C#,176,647,113
https://api.github.com/repos/PrunaAI/pruna,946676136,PrunaAI/pruna,Python,31,733,39
https://api.github.com/repos/msoedov/agentic_security,785334631,msoedov/agentic_security,Python,228,1495,65
https://api.github.com/repos/trycompai/comp,917358773,trycompai/comp,TypeScript,112,874,55
https://api.github.com/repos/blokadaorg/blokada,74214783,blokadaorg/blokada,Dart,221,3112,207
https://api.github.com/repos/stack-auth/stack-auth,764642350,stack-auth/stack-auth,TypeScript,413,5910,78
https://api.github.com/repos/angular-eslint/angular-eslint,199344833,angular-eslint/angular-eslint,TypeScript,243,1734,43
https://api.github.com/repos/oven-sh/bun,357728969,oven-sh/bun,Zig,3166,78768,4954
https://api.github.com/repos/CapSoftware/Cap,720209383,CapSoftware/Cap,TypeScript,583,10092,170
https://api.github.com/repos/Uberi/speech_recognition,19057465,Uberi/speech_recognition,Python,2420,8777,325
https://api.github.com/repos/pushpalroy/JetLime,454171899,pushpalroy/JetLime,Kotlin,29,525,8
https://api.github.com/repos/instantdb/instant,844738531,instantdb/instant,Clojure,270,8870,51
https://api.github.com/repos/commaai/opendbc,92912604,commaai/opendbc,Python,1446,2398,265
https://api.github.com/repos/folke/snacks.nvim,882482569,folke/snacks.nvim,Lua,260,5287,184
https://api.github.com/repos/microsoft/testfx,65080725,microsoft/testfx,C#,278,892,271
https://api.github.com/repos/PaloAltoNetworks/docusaurus-openapi-docs,460077424,PaloAltoNetworks/docusaurus-openapi-docs,TypeScript,275,908,114
https://api.github.com/repos/gofiber/fiber,234231371,gofiber/fiber,Go,1809,36962,114
https://api.github.com/repos/DaveSkender/Stock.Indicators,230706417,DaveSkender/Stock.Indicators,C#,258,1079,50
https://api.github.com/repos/br-g/openf1,697362239,br-g/openf1,Python,62,764,13
https://api.github.com/repos/mvisonneau/gitlab-ci-pipelines-exporter,149765850,mvisonneau/gitlab-ci-pipelines-exporter,Go,262,1407,195
https://api.github.com/repos/onnx/onnx,102692863,onnx/onnx,Python,3757,19140,316
https://api.github.com/repos/serverpod/serverpod,369797101,serverpod/serverpod,Dart,275,2809,526
https://api.github.com/repos/microsoft/Generative-AI-for-beginners-dotnet,915016509,microsoft/Generative-AI-for-beginners-dotnet,C#,1071,1439,2
https://api.github.com/repos/FidelusAleksander/ghcertified,679565720,FidelusAleksander/ghcertified,HTML,253,698,3
https://api.github.com/repos/plantuml/plantuml,1051476,plantuml/plantuml,Java,1052,11712,520
https://api.github.com/repos/opencv/opencv,5108051,opencv/opencv,C++,56202,82772,2727
https://api.github.com/repos/rishikanthc/Scriberr,867812115,rishikanthc/Scriberr,Svelte,47,901,18
https://api.github.com/repos/fishaudio/fish-speech,702796244,fishaudio/fish-speech,Python,1801,22045,46
https://api.github.com/repos/yamadashy/repomix,828119367,yamadashy/repomix,TypeScript,750,17183,102
https://api.github.com/repos/yegor256/cactoos,92192594,yegor256/cactoos,Java,173,753,79
https://api.github.com/repos/peass-ng/PEASS-ng,165548191,peass-ng/PEASS-ng,C#,3247,17768,24
https://api.github.com/repos/riganti/dotvvm,26230481,riganti/dotvvm,C#,95,765,168
https://api.github.com/repos/cornerstonejs/cornerstone3D,472313202,cornerstonejs/cornerstone3D,TypeScript,390,751,338
https://api.github.com/repos/midudev/codi.link,389754521,midudev/codi.link,JavaScript,175,735,3
https://api.github.com/repos/Sylius/Sylius,2717549,Sylius/Sylius,PHP,2138,8246,251
https://api.github.com/repos/mangiucugna/json_repair,688141049,mangiucugna/json_repair,Python,103,2288,0
https://api.github.com/repos/mihneadb/node-directory-tree,17631024,mihneadb/node-directory-tree,JavaScript,106,535,26
https://api.github.com/repos/JacobLinCool/LeetCode-Stats-Card,375991819,JacobLinCool/LeetCode-Stats-Card,TypeScript,112,810,27
https://api.github.com/repos/raycast/extensions,408858330,raycast/extensions,TypeScript,4076,6378,672
https://api.github.com/repos/Azure/azure-sdk-for-java,2928948,Azure/azure-sdk-for-java,Java,2085,2490,773
https://api.github.com/repos/Mooncake-Labs/pg_mooncake,852594977,Mooncake-Labs/pg_mooncake,Rust,41,1499,9
https://api.github.com/repos/mondaycom/vibe,301690023,mondaycom/vibe,TypeScript,334,511,31
https://api.github.com/repos/coder/coder,440752086,coder/coder,Go,926,10122,625
https://api.github.com/repos/mtrojnar/osslsigncode,158653995,mtrojnar/osslsigncode,C,139,899,3
https://api.github.com/repos/tentone/nunuStudio,52688262,tentone/nunuStudio,JavaScript,325,2166,209
https://api.github.com/repos/freenet/freenet-core,386644013,freenet/freenet-core,Rust,92,2372,101
https://api.github.com/repos/gluesql/gluesql,227265548,gluesql/gluesql,Rust,227,2850,163
https://api.github.com/repos/Azure/azure-functions-core-tools,77990768,Azure/azure-functions-core-tools,C#,456,1391,714
https://api.github.com/repos/Azure/azure-functions-host,42548553,Azure/azure-functions-host,C#,459,1974,1441
https://api.github.com/repos/microsoft/retina,746962176,microsoft/retina,Go,239,2983,166
https://api.github.com/repos/netket/netket,130741783,netket/netket,Python,200,608,110
https://api.github.com/repos/microsoft/BotBuilder-Samples,68730444,microsoft/BotBuilder-Samples,HTML,4897,4461,72
https://api.github.com/repos/Veloera/Veloera,967377293,Veloera/Veloera,Go,68,561,9
https://api.github.com/repos/root-gg/plik,34218418,root-gg/plik,Go,172,1576,46
https://api.github.com/repos/dotenvx/dotenvx,720267554,dotenvx/dotenvx,JavaScript,74,3858,19
https://api.github.com/repos/github/rubocop-github,76094257,github/rubocop-github,Ruby,160,650,4
https://api.github.com/repos/Panchovix/stable-diffusion-webui-reForge,822033113,Panchovix/stable-diffusion-webui-reForge,Python,69,740,76
https://api.github.com/repos/rsyslog/rsyslog,10458362,rsyslog/rsyslog,C,673,2147,883
https://api.github.com/repos/voideditor/void,855528273,voideditor/void,TypeScript,1668,25048,231
https://api.github.com/repos/FlowiseAI/Flowise,621803253,FlowiseAI/Flowise,TypeScript,20791,40617,592
https://api.github.com/repos/afadil/wealthfolio,806618581,afadil/wealthfolio,TypeScript,273,5210,84
https://api.github.com/repos/goniszewski/grimoire,657204276,goniszewski/grimoire,TypeScript,75,2474,31
https://api.github.com/repos/wandb/wandb,86031674,wandb/wandb,Python,751,10018,795
https://api.github.com/repos/subzeroid/instagrapi,283868135,subzeroid/instagrapi,Python,757,5165,426
https://api.github.com/repos/CoreWCF/CoreWCF,185841694,CoreWCF/CoreWCF,C#,308,1720,371
https://api.github.com/repos/PasteBar/PasteBarApp,784742855,PasteBar/PasteBarApp,TypeScript,55,1449,8
https://api.github.com/repos/huggingface/huggingface_hub,323591830,huggingface/huggingface_hub,Python,740,2713,176
https://api.github.com/repos/Wan-Video/Wan2.1,938717878,Wan-Video/Wan2.1,Python,1513,12462,266
https://api.github.com/repos/tavily-ai/tavily-mcp,923109265,tavily-ai/tavily-mcp,JavaScript,95,506,6
https://api.github.com/repos/valkey-io/valkey,775743011,valkey-io/valkey,C,925,22061,467
https://api.github.com/repos/microsoft/teams-ai,598249096,microsoft/teams-ai,C#,237,589,141
https://api.github.com/repos/estruyf/vscode-front-matter,204027578,estruyf/vscode-front-matter,TypeScript,89,2232,107
https://api.github.com/repos/exo-lang/exo,285721510,exo-lang/exo,Python,45,606,126
https://api.github.com/repos/fujiapple852/trippy,474961035,fujiapple852/trippy,Rust,112,4674,68
https://api.github.com/repos/Kanaries/Rath,204949916,Kanaries/Rath,TypeScript,358,4442,68
https://api.github.com/repos/marimo-team/marimo,678526156,marimo-team/marimo,Python,572,14014,412
https://api.github.com/repos/microsoft/HydraLab,486525050,microsoft/HydraLab,Java,103,993,56
https://api.github.com/repos/microsoft/vscode-python,106462765,microsoft/vscode-python,TypeScript,1240,4439,443
https://api.github.com/repos/meshtastic/firmware,237647258,meshtastic/firmware,C++,1295,4969,207
https://api.github.com/repos/grafana/loki,129717717,grafana/loki,Go,3703,25840,2163
https://api.github.com/repos/git-for-windows/git,23216272,git-for-windows/git,C,2668,8742,200
https://api.github.com/repos/Azure/data-api-builder,401807767,Azure/data-api-builder,C#,249,1111,393
https://api.github.com/repos/aidenybai/bippy,897892563,aidenybai/bippy,TypeScript,20,864,7
https://api.github.com/repos/thefrontside/effection,155915287,thefrontside/effection,TypeScript,33,708,21
https://api.github.com/repos/gofr-dev/gofr,709242076,gofr-dev/gofr,Go,1742,11768,48
https://api.github.com/repos/microsoft/generative-ai-with-javascript,832180352,microsoft/generative-ai-with-javascript,JavaScript,465,738,31
https://api.github.com/repos/celestiaorg/celestia-core,221931137,celestiaorg/celestia-core,Go,326,528,211
https://api.github.com/repos/StephenDev0/StikDebug,955665884,StephenDev0/StikDebug,Swift,62,518,5
https://api.github.com/repos/codestoryai/sidecar,696950657,codestoryai/sidecar,Rust,92,572,229
https://api.github.com/repos/facebookresearch/fastMRI,154900564,facebookresearch/fastMRI,Python,398,1442,21
https://api.github.com/repos/VRSEN/agency-swarm,719367294,VRSEN/agency-swarm,Python,949,3703,7
https://api.github.com/repos/ray-project/kuberay,308444913,ray-project/kuberay,Go,549,1844,456
https://api.github.com/repos/lostintangent/gistpad,223700078,lostintangent/gistpad,TypeScript,69,1001,22
https://api.github.com/repos/microsoft/ApplicationInsights-JS,33373292,microsoft/ApplicationInsights-JS,TypeScript,248,666,97
https://api.github.com/repos/levigross/grequests,37273343,levigross/grequests,Go,138,2157,24
https://api.github.com/repos/microsoft/kiota,323665366,microsoft/kiota,C#,259,3419,125
https://api.github.com/repos/EasyCorp/EasyAdminBundle,29126334,EasyCorp/EasyAdminBundle,PHP,1057,4161,371
https://api.github.com/repos/formbricks/formbricks,500289888,formbricks/formbricks,TypeScript,1923,10833,273
https://api.github.com/repos/kongzue/DialogX,298764877,kongzue/DialogX,Java,235,2231,5
https://api.github.com/repos/amantus-ai/vibetunnel,1002552148,amantus-ai/vibetunnel,TypeScript,36,541,17
https://api.github.com/repos/haydenbleasel/kibo,847167817,haydenbleasel/kibo,TypeScript,48,1246,16
https://api.github.com/repos/GrimAnticheat/Grim,341052382,GrimAnticheat/Grim,Java,399,1276,283
https://api.github.com/repos/mark3labs/mcp-go,895029087,mark3labs/mcp-go,Go,590,6039,105
https://api.github.com/repos/modular/modular,634043200,modular/modular,Mojo,2634,24360,836
https://api.github.com/repos/microsoft/vscode-jupyter,294546561,microsoft/vscode-jupyter,TypeScript,329,1383,222
https://api.github.com/repos/microsoft/WSL,55626935,microsoft/WSL,C++,1401,28954,1051
https://api.github.com/repos/OneKeyHQ/app-monorepo,430749584,OneKeyHQ/app-monorepo,TypeScript,404,1969,56
https://api.github.com/repos/SparkDevNetwork/Rock,1614137,SparkDevNetwork/Rock,C#,386,614,28
https://api.github.com/repos/elie222/inbox-zero,665613753,elie222/inbox-zero,TypeScript,873,8176,66
https://api.github.com/repos/dotnet/android,55075302,dotnet/android,C#,552,2032,402
https://api.github.com/repos/mastra-ai/mastra,839037098,mastra-ai/mastra,TypeScript,875,14511,250
https://api.github.com/repos/Layr-Labs/eigenlayer-contracts,620004347,Layr-Labs/eigenlayer-contracts,Solidity,435,689,53
https://api.github.com/repos/hyperion-mc/hyperion,765572754,hyperion-mc/hyperion,Rust,29,797,32
https://api.github.com/repos/bmadcode/BMAD-METHOD,965615190,bmadcode/BMAD-METHOD,JavaScript,471,1858,4
https://api.github.com/repos/microsoft/sbom-tool,498824328,microsoft/sbom-tool,C#,167,1822,50
https://api.github.com/repos/dkrivoruchko/ScreenStream,63582643,dkrivoruchko/ScreenStream,Kotlin,382,2083,19
https://api.github.com/repos/openfga/openfga,501372599,openfga/openfga,Go,272,3742,129
https://api.github.com/repos/candlefinance/faster-image,618961414,candlefinance/faster-image,Swift,32,652,18
https://api.github.com/repos/busser/tfautomv,482225540,busser/tfautomv,Go,23,772,7
https://api.github.com/repos/konvajs/konva,29011477,konvajs/konva,TypeScript,981,13082,34
https://api.github.com/repos/latitude-dev/latitude-llm,821360765,latitude-dev/latitude-llm,TypeScript,184,2878,118
https://api.github.com/repos/voku/portable-utf8,20128178,voku/portable-utf8,PHP,85,515,18
https://api.github.com/repos/Azure/review-checklists,414928893,Azure/review-checklists,Python,354,1285,63
https://api.github.com/repos/cmer/socialization,3181088,cmer/socialization,Ruby,129,695,0
https://api.github.com/repos/wix/react-native-ui-lib,81314550,wix/react-native-ui-lib,TypeScript,735,6861,51
https://api.github.com/repos/zaidmukaddam/scira,839372398,zaidmukaddam/scira,TypeScript,1013,8344,15
https://api.github.com/repos/pterm/pterm,296373527,pterm/pterm,Go,203,5122,59
https://api.github.com/repos/alexanderjeurissen/ranger_devicons,84483314,alexanderjeurissen/ranger_devicons,Python,76,1000,4
https://api.github.com/repos/dotnet/aspire,696529789,dotnet/aspire,C#,647,4605,1021
https://api.github.com/repos/roboflow/inference,673010778,roboflow/inference,Python,187,1747,75
https://api.github.com/repos/apache/ozone,212382406,apache/ozone,Java,546,937,121
https://api.github.com/repos/Mokshit06/typewind,590069860,Mokshit06/typewind,TypeScript,23,2270,8
https://api.github.com/repos/Helicone/helicone,595832198,Helicone/helicone,TypeScript,396,4014,84
https://api.github.com/repos/SchemaStore/schemastore,26785339,SchemaStore/schemastore,JavaScript,1886,3394,68
https://api.github.com/repos/MikePopoloski/slang,80874333,MikePopoloski/slang,C++,158,775,48
https://api.github.com/repos/dotnet/winforms,153711830,dotnet/winforms,C#,1039,4617,697
https://api.github.com/repos/SirVer/ultisnips,3073296,SirVer/ultisnips,Python,686,7620,121
https://api.github.com/repos/syntaxfm/website,94822475,syntaxfm/website,Svelte,505,1122,56
https://api.github.com/repos/smtg-ai/claude-squad,945605057,smtg-ai/claude-squad,Go,158,2203,36
https://api.github.com/repos/terkelg/awesome-creative-coding,72586805,terkelg/awesome-creative-coding,HTML,917,13647,1
https://api.github.com/repos/novuhq/novu,400215964,novuhq/novu,TypeScript,4050,37153,242
https://api.github.com/repos/kubetail-org/kubetail,756293439,kubetail-org/kubetail,Go,79,1311,43
https://api.github.com/repos/SimonHalvdansson/Harmonic-HN,644499668,SimonHalvdansson/Harmonic-HN,Java,51,735,49
https://api.github.com/repos/jolovicdev/shandu,939030910,jolovicdev/shandu,Python,69,615,1
https://api.github.com/repos/MicrosoftDocs/mcp,998658053,MicrosoftDocs/mcp,,56,519,5
https://api.github.com/repos/microsoft/ebpf-for-windows,355718757,microsoft/ebpf-for-windows,C,253,3224,278
https://api.github.com/repos/mendableai/firecrawl,787076358,mendableai/firecrawl,TypeScript,3802,40577,190
https://api.github.com/repos/App-vNext/Polly,9864166,App-vNext/Polly,C#,1257,13827,11
https://api.github.com/repos/stackblitz-labs/bolt.diy,872087586,stackblitz-labs/bolt.diy,TypeScript,9026,16491,251
https://api.github.com/repos/buildbuddy-io/buildbuddy,240583093,buildbuddy-io/buildbuddy,Go,109,662,119
https://api.github.com/repos/mendableai/fire-enrich,997442488,mendableai/fire-enrich,TypeScript,132,558,4
https://api.github.com/repos/Beckschen/TransUNet,336978043,Beckschen/TransUNet,Python,547,2815,136
https://api.github.com/repos/Tasshack/dreame-vacuum,544426802,Tasshack/dreame-vacuum,Python,175,1275,11
https://api.github.com/repos/modelcontextprotocol/modelcontextprotocol,862570523,modelcontextprotocol/modelcontextprotocol,TypeScript,665,4193,270
https://api.github.com/repos/beyond-all-reason/Beyond-All-Reason,172370867,beyond-all-reason/Beyond-All-Reason,Lua,420,2241,513
https://api.github.com/repos/robertpenner/as3-signals,302662,robertpenner/as3-signals,ActionScript,201,1059,9
https://api.github.com/repos/ray-project/ray,71932349,ray-project/ray,Python,6520,37693,4174
https://api.github.com/repos/vercel/next.js,70107786,vercel/next.js,JavaScript,28679,132695,3237
https://api.github.com/repos/irsyadadl/intentui,824433284,irsyadadl/intentui,TypeScript,69,1531,13
https://api.github.com/repos/xtermjs/xterm.js,18068542,xtermjs/xterm.js,TypeScript,1711,18722,217
https://api.github.com/repos/damien-schneider/cuicui,790450897,damien-schneider/cuicui,TypeScript,53,855,2
https://api.github.com/repos/Comfy-Org/ComfyUI_frontend,814403270,Comfy-Org/ComfyUI_frontend,TypeScript,303,1155,368
https://api.github.com/repos/bennycode/trading-signals,267563398,bennycode/trading-signals,TypeScript,106,754,2
https://api.github.com/repos/stanford-crfm/levanter,496005961,stanford-crfm/levanter,Python,102,596,66
https://api.github.com/repos/OpenPipe/ART,946178371,OpenPipe/ART,Python,48,756,19
https://api.github.com/repos/nrwl/nx-console,137811219,nrwl/nx-console,TypeScript,228,1365,65
https://api.github.com/repos/prebid/Prebid.js,39321023,prebid/Prebid.js,JavaScript,2192,1446,156
https://api.github.com/repos/mattermost/mattermost,37448451,mattermost/mattermost,TypeScript,7827,32920,930
https://api.github.com/repos/TTPlanetPig/Comfyui_TTP_Toolset,843830054,TTPlanetPig/Comfyui_TTP_Toolset,Python,20,691,31
https://api.github.com/repos/lutzroeder/netron,1198539,lutzroeder/netron,JavaScript,2925,30528,22
https://api.github.com/repos/firezone/firezone,257787813,firezone/firezone,Elixir,323,7349,430
https://api.github.com/repos/microsoft/debugpy,234187391,microsoft/debugpy,Python,165,2117,202
https://api.github.com/repos/sanity-io/sanity,79375056,sanity-io/sanity,TypeScript,481,5700,513
https://api.github.com/repos/microsoft/perfview,33010673,microsoft/perfview,C#,739,4438,232
https://api.github.com/repos/PowerShell/vscode-powershell,42131201,PowerShell/vscode-powershell,TypeScript,512,1788,372
https://api.github.com/repos/microsoft/windows-rs,208102250,microsoft/windows-rs,Rust,571,11389,18
https://api.github.com/repos/prosekit/prosekit,664174485,prosekit/prosekit,TypeScript,23,634,20
https://api.github.com/repos/navidrome/navidrome,52481933,navidrome/navidrome,Go,1095,15126,177
https://api.github.com/repos/tldraw/tldraw,365739812,tldraw/tldraw,TypeScript,2569,40561,296
https://api.github.com/repos/Azure/Enterprise-Scale,264303818,Azure/Enterprise-Scale,PowerShell,1020,1821,102
https://api.github.com/repos/fireproof-storage/fireproof,679889516,fireproof-storage/fireproof,TypeScript,44,865,54
https://api.github.com/repos/moinulmoin/chadnext,644861240,moinulmoin/chadnext,TypeScript,119,1189,11
https://api.github.com/repos/seasonedcc/composable-functions,469882687,seasonedcc/composable-functions,TypeScript,17,714,3
https://api.github.com/repos/janbjorge/pgqueuer,788904329,janbjorge/pgqueuer,Python,23,1306,17
https://api.github.com/repos/selfxyz/self,669466632,selfxyz/self,Circom,105,550,38
https://api.github.com/repos/remotion-dev/remotion,274495425,remotion-dev/remotion,TypeScript,1205,22550,83
https://api.github.com/repos/Azure/terraform,117169328,Azure/terraform,HCL,870,814,71
https://api.github.com/repos/MervinPraison/PraisonAI,774497032,MervinPraison/PraisonAI,Python,687,4937,35
https://api.github.com/repos/etchdroid/etchdroid,147043230,etchdroid/etchdroid,Kotlin,174,2344,8
https://api.github.com/repos/TobikoData/sqlmesh,540527604,TobikoData/sqlmesh,Python,227,2436,125
https://api.github.com/repos/plexguide/Huntarr.io,957479421,plexguide/Huntarr.io,Python,32,1814,28
https://api.github.com/repos/adaline/gateway,872748942,adaline/gateway,TypeScript,21,509,1
https://api.github.com/repos/saturday06/VRM-Addon-for-Blender,164374484,saturday06/VRM-Addon-for-Blender,Python,151,1451,87
https://api.github.com/repos/pardeike/Harmony,78002587,pardeike/Harmony,C#,535,5758,7
https://api.github.com/repos/abh/geodns,5519412,abh/geodns,Go,198,1416,51
https://api.github.com/repos/roblox-ts/roblox-ts,147587500,roblox-ts/roblox-ts,TypeScript,146,1055,137
https://api.github.com/repos/ZeyueT/AudioX,947834112,ZeyueT/AudioX,Python,105,1011,39
https://api.github.com/repos/Azure/azure-sdk,152122018,Azure/azure-sdk,PowerShell,326,555,135
https://api.github.com/repos/Azure/azure-sdk-for-go,22855240,Azure/azure-sdk-for-go,Go,910,1729,243
https://api.github.com/repos/miurla/morphic,782539945,miurla/morphic,TypeScript,2096,7687,50
https://api.github.com/repos/NangoHQ/nango,254328371,NangoHQ/nango,TypeScript,496,5389,22
https://api.github.com/repos/a16z/halmos,577492459,a16z/halmos,Python,87,907,57
https://api.github.com/repos/traccar/traccar-web,6512913,traccar/traccar-web,JavaScript,1231,920,109
https://api.github.com/repos/celestiaorg/celestia-node,396780483,celestiaorg/celestia-node,Go,1008,973,384
https://api.github.com/repos/dotnet/aspnetcore,17620347,dotnet/aspnetcore,C#,10374,36796,3839
https://api.github.com/repos/distribworks/dkron,37184230,distribworks/dkron,Go,398,4497,91
https://api.github.com/repos/reflex-dev/reflex,557075997,reflex-dev/reflex,Python,1371,23432,231
https://api.github.com/repos/KittyCAD/modeling-app,587937846,KittyCAD/modeling-app,TypeScript,78,882,627
https://api.github.com/repos/hyperbrowserai/HyperAgent,965900067,hyperbrowserai/HyperAgent,TypeScript,57,513,15
https://api.github.com/repos/commaai/panda,87490037,commaai/panda,C,837,1593,66
https://api.github.com/repos/esthor/react-native-swipeable-list,220852673,esthor/react-native-swipeable-list,JavaScript,32,693,2
https://api.github.com/repos/azerothcore/azerothcore-wotlk,61980658,azerothcore/azerothcore-wotlk,C++,2860,7198,2082
https://api.github.com/repos/mckaywrigley/mckays-app-template,849159862,mckaywrigley/mckays-app-template,TypeScript,382,1797,8
https://api.github.com/repos/wechaty/wechaty,57602001,wechaty/wechaty,TypeScript,2706,21667,187
https://api.github.com/repos/vercel/vercel,67753070,vercel/vercel,TypeScript,2620,13741,251
https://api.github.com/repos/Maciek-roboblog/Claude-Code-Usage-Monitor,1004631442,Maciek-roboblog/Claude-Code-Usage-Monitor,Python,88,2019,19
https://api.github.com/repos/formancehq/ledger,371644903,formancehq/ledger,Go,117,983,4
https://api.github.com/repos/chhoumann/quickadd,375389266,chhoumann/quickadd,TypeScript,155,1798,329
https://api.github.com/repos/vdaas/vald,195619075,vdaas/vald,Go,86,1609,38
https://api.github.com/repos/awslabs/mcp,952238700,awslabs/mcp,Python,487,4183,116
https://api.github.com/repos/sakaiproject/sakai,28589709,sakaiproject/sakai,Java,982,1155,88
https://api.github.com/repos/unisonweb/unison,35164952,unisonweb/unison,Haskell,277,6062,1179
https://api.github.com/repos/cloudflare/workerd,537085161,cloudflare/workerd,C++,397,6817,354
https://api.github.com/repos/PX4/PX4-Autopilot,5298790,PX4/PX4-Autopilot,C++,14119,9639,2111
https://api.github.com/repos/alirezamika/autoscraper,291703561,alirezamika/autoscraper,Python,708,6806,0
https://api.github.com/repos/microsoft/git,79856983,microsoft/git,C,101,851,18
https://api.github.com/repos/vercel/ai-chatbot,642917329,vercel/ai-chatbot,TypeScript,4791,16745,332
https://api.github.com/repos/apache/spark,17165658,apache/spark,Scala,28639,41356,184
https://api.github.com/repos/wundergraph/graphql-go-tools,156971837,wundergraph/graphql-go-tools,Go,149,754,35
https://api.github.com/repos/microsoft/mcp-for-beginners,960665821,microsoft/mcp-for-beginners,Python,993,4007,1
https://api.github.com/repos/keephq/keep,597502256,keephq/keep,Python,1002,10320,321
https://api.github.com/repos/Blair2004/NexoPOS,274940489,Blair2004/NexoPOS,PHP,440,1051,50
https://api.github.com/repos/RockChinQ/LangBot,575321313,RockChinQ/LangBot,Python,945,12193,98
https://api.github.com/repos/gridaco/grida,338529997,gridaco/grida,TypeScript,83,2112,33
https://api.github.com/repos/metacraft-labs/codetracer,921671178,metacraft-labs/codetracer,Nim,27,1198,55
https://api.github.com/repos/modelcontextprotocol/python-sdk,862584018,modelcontextprotocol/python-sdk,Python,1879,15159,429
https://api.github.com/repos/micropython/micropython,15337142,micropython/micropython,C,8249,20526,1688
https://api.github.com/repos/PrefectHQ/prefect,139199684,PrefectHQ/prefect,Python,1855,19622,1004
https://api.github.com/repos/microsoft/vscode-mssql,61973853,microsoft/vscode-mssql,TypeScript,502,1701,380
https://api.github.com/repos/openai/openai-agents-js,993521808,openai/openai-agents-js,TypeScript,110,627,23
https://api.github.com/repos/TheAlgorithms/Python,63476337,TheAlgorithms/Python,Python,46929,201965,400
https://api.github.com/repos/huggingface/tokenizers,219035799,huggingface/tokenizers,Rust,926,9836,87
https://api.github.com/repos/AFASSoftware/maquette,27509416,AFASSoftware/maquette,TypeScript,63,780,13
https://api.github.com/repos/dotnet/roslyn,29078997,dotnet/roslyn,C#,4146,19649,7011
https://api.github.com/repos/wolfSSL/wolfssl,28928522,wolfSSL/wolfssl,C,874,2538,153
https://api.github.com/repos/Azure/azure-sdk-for-js,108311273,Azure/azure-sdk-for-js,TypeScript,1252,2207,879
https://api.github.com/repos/unsend-dev/unsend,772283421,unsend-dev/unsend,TypeScript,133,1402,25
https://api.github.com/repos/GlareDB/glaredb,496817075,GlareDB/glaredb,Rust,51,906,92
https://api.github.com/repos/EduardoPires/EquinoxProject,76425236,EduardoPires/EquinoxProject,C#,1657,6685,2
https://api.github.com/repos/github/github-mcp-server,942771284,github/github-mcp-server,Go,1180,16389,142
https://api.github.com/repos/wonderwhy-er/DesktopCommanderMCP,898345892,wonderwhy-er/DesktopCommanderMCP,JavaScript,405,3633,48
https://api.github.com/repos/ArthurSonzogni/FTXUI,167828165,ArthurSonzogni/FTXUI,C++,483,8391,79
https://api.github.com/repos/dotnet/fsharp,29048891,dotnet/fsharp,F#,826,4083,1293
https://api.github.com/repos/PrefectHQ/marvin,612350395,PrefectHQ/marvin,Python,376,5781,60
https://api.github.com/repos/bruin-data/bruin,674225653,bruin-data/bruin,Go,41,952,7
https://api.github.com/repos/zauberzeug/nicegui,365250183,zauberzeug/nicegui,Python,770,12701,92
https://api.github.com/repos/log4cplus/log4cplus,15830219,log4cplus/log4cplus,C++,566,1688,59
https://api.github.com/repos/StockSharp/StockSharp,27703983,StockSharp/StockSharp,C#,1936,8215,0
https://api.github.com/repos/openops-cloud/openops,945671748,openops-cloud/openops,TypeScript,127,858,24
https://api.github.com/repos/appsmithorg/appsmith,275993885,appsmithorg/appsmith,TypeScript,4106,37311,4390
https://api.github.com/repos/containers/crun,103446460,containers/crun,C,356,3410,39
https://api.github.com/repos/jlowin/fastmcp,896296825,jlowin/fastmcp,Python,801,13329,112
https://api.github.com/repos/microsoft/AdaptiveCards,75978731,microsoft/AdaptiveCards,C#,576,1848,828
https://api.github.com/repos/microsoft/vscode-pull-request-github,134777298,microsoft/vscode-pull-request-github,TypeScript,621,2401,351
https://api.github.com/repos/browserbase/stagehand,776908852,browserbase/stagehand,TypeScript,737,12924,64
https://api.github.com/repos/microsoft/react-native-macos,140759707,microsoft/react-native-macos,C++,148,3849,134
https://api.github.com/repos/eyaltoledano/claude-task-master,942837343,eyaltoledano/claude-task-master,JavaScript,1669,16502,133
https://api.github.com/repos/BOINC/boinc,30260406,BOINC/boinc,PHP,477,2164,471
https://api.github.com/repos/timburgan/timburgan,272328835,timburgan/timburgan,,154,940,1
https://api.github.com/repos/wait4x/wait4x,219046009,wait4x/wait4x,Go,32,642,13
https://api.github.com/repos/wei/socialify,297803332,wei/socialify,TypeScript,116,2073,10
https://api.github.com/repos/devaslanphp/project-management,560826851,devaslanphp/project-management,PHP,291,964,35
https://api.github.com/repos/jenkinsci/helm-charts,290028276,jenkinsci/helm-charts,Mustache,901,609,145
https://api.github.com/repos/HumanSignal/label-studio,192640529,HumanSignal/label-studio,JavaScript,2838,22711,1026
https://api.github.com/repos/AgentDock/AgentDock,936395722,AgentDock/AgentDock,TypeScript,70,1392,23
https://api.github.com/repos/getsentry/sentry-react-native,75196241,getsentry/sentry-react-native,TypeScript,346,1671,187
https://api.github.com/repos/pytorch/pytorch,65600975,pytorch/pytorch,Python,24528,91024,16478
https://api.github.com/repos/devitocodes/devito,54585666,devitocodes/devito,Python,239,610,132
https://api.github.com/repos/hsuanxyz/ion2-calendar,77778527,hsuanxyz/ion2-calendar,TypeScript,279,554,167
https://api.github.com/repos/sequinstream/sequin,820192032,sequinstream/sequin,Elixir,62,1392,84
https://api.github.com/repos/PythonNest/PyNest,642661495,PythonNest/PyNest,Python,55,827,29
https://api.github.com/repos/jonhadfield/awesome-standard-notes,233403603,jonhadfield/awesome-standard-notes,,38,871,0
https://api.github.com/repos/happi/theBeamBook,85983888,happi/theBeamBook,Erlang,247,3852,5
https://api.github.com/repos/xoseperez/espurna,118768875,xoseperez/espurna,C++,637,3024,297
https://api.github.com/repos/activepieces/activepieces,573661753,activepieces/activepieces,TypeScript,2123,15499,384
https://api.github.com/repos/box/box-ui-elements,95743138,box/box-ui-elements,JavaScript,318,545,114
https://api.github.com/repos/DragonJAR/n8n-workflows-es,993296708,DragonJAR/n8n-workflows-es,,212,519,0
https://api.github.com/repos/JessicaTegner/pypandoc,2786727,JessicaTegner/pypandoc,Python,118,1001,32
https://api.github.com/repos/gitroomhq/postiz-app,664013991,gitroomhq/postiz-app,TypeScript,3471,22038,97
https://api.github.com/repos/shoheiyokoyama/Gemini,93924821,shoheiyokoyama/Gemini,Swift,197,3288,18
https://api.github.com/repos/f/mcptools,954858451,f/mcptools,Go,59,935,19
https://api.github.com/repos/FerretDB/FerretDB,422821402,FerretDB/FerretDB,Go,450,10229,387
https://api.github.com/repos/Edgenesis/shifu,394207324,Edgenesis/shifu,Go,125,1345,30
https://api.github.com/repos/PrismLauncher/PrismLauncher,553135896,PrismLauncher/PrismLauncher,C++,847,7111,651
https://api.github.com/repos/elixir-lsp/elixir-ls,126746886,elixir-lsp/elixir-ls,Elixir,216,1624,81
https://api.github.com/repos/traceloop/openllmetry,686364232,traceloop/openllmetry,Python,752,6000,238
https://api.github.com/repos/wvlet/airframe,65654242,wvlet/airframe,Scala,69,647,113
https://api.github.com/repos/bruin-data/ingestr,756594023,bruin-data/ingestr,Python,86,2977,14
https://api.github.com/repos/secretlint/secretlint,239106765,secretlint/secretlint,TypeScript,45,1148,26
https://api.github.com/repos/microsoft/fluentui-blazor,348132133,microsoft/fluentui-blazor,C#,428,4389,34
https://api.github.com/repos/Brooooooklyn/canvas,291390714,Brooooooklyn/canvas,Rust,86,1967,75
https://api.github.com/repos/doggy8088/github-copilot-configs,956023956,doggy8088/github-copilot-configs,,78,645,0
https://api.github.com/repos/tommyxchow/frosty,397611595,tommyxchow/frosty,Dart,49,825,123
https://api.github.com/repos/FastLED/FastLED,14268809,FastLED/FastLED,C++,1704,6950,326
https://api.github.com/repos/kohya-ss/musubi-tuner,910477350,kohya-ss/musubi-tuner,Python,74,737,122
https://api.github.com/repos/anaisbetts/mcp-installer,894640711,anaisbetts/mcp-installer,JavaScript,158,1240,12
https://api.github.com/repos/gustavoguichard/string-ts,657643653,gustavoguichard/string-ts,TypeScript,17,1230,2
https://api.github.com/repos/microsoft/windows-drivers-rs,692564297,microsoft/windows-drivers-rs,Rust,86,1650,96
https://api.github.com/repos/cartography-cncf/cartography,172811550,cartography-cncf/cartography,Python,384,3439,135
https://api.github.com/repos/MicrosoftDocs/azure-devops-docs,101914862,MicrosoftDocs/azure-devops-docs,Shell,2550,897,40
https://api.github.com/repos/ColorlibHQ/email-templates,175222504,ColorlibHQ/email-templates,HTML,2764,1186,2
https://api.github.com/repos/redis/rueidis,407831273,redis/rueidis,Go,204,2699,14
https://api.github.com/repos/nkdAgility/azure-devops-migration-tools,56319070,nkdAgility/azure-devops-migration-tools,C#,359,549,4
https://api.github.com/repos/robherley/snips.sh,591554483,robherley/snips.sh,Go,48,1170,15
https://api.github.com/repos/goat-sdk/goat,894659403,goat-sdk/goat,TypeScript,241,734,16
https://api.github.com/repos/unclecode/crawl4ai,798201435,unclecode/crawl4ai,Python,4435,46407,238
https://api.github.com/repos/browserless/browserless,111058386,browserless/browserless,TypeScript,832,10328,41
https://api.github.com/repos/thedevdojo/wave,351298555,thedevdojo/wave,CSS,848,6116,1
https://api.github.com/repos/kohya-ss/sd-scripts,579557127,kohya-ss/sd-scripts,Python,1045,6325,853
https://api.github.com/repos/ryoppippi/ccusage,992755069,ryoppippi/ccusage,TypeScript,85,2557,20
https://api.github.com/repos/microsoft/vstest,62774726,microsoft/vstest,C#,340,931,29
https://api.github.com/repos/JonasKruckenberg/k23,703998226,JonasKruckenberg/k23,Rust,29,505,70
https://api.github.com/repos/tszhong0411/nelsonlai.me,454149532,tszhong0411/nelsonlai.me,TypeScript,114,715,0
https://api.github.com/repos/zurawiki/gptcommit,588732058,zurawiki/gptcommit,Rust,81,2382,14
https://api.github.com/repos/Stirling-Tools/Stirling-PDF,594155488,Stirling-Tools/Stirling-PDF,Java,5277,62598,304
https://api.github.com/repos/getsentry/sentry-php,3244931,getsentry/sentry-php,PHP,458,1871,12
https://api.github.com/repos/microsoft/fluentui,60537144,microsoft/fluentui,TypeScript,2813,19348,665
https://api.github.com/repos/microsoft/FluidFramework,203843667,microsoft/FluidFramework,TypeScript,550,4832,101
https://api.github.com/repos/microsoft/BotFramework-WebChat,62843932,microsoft/BotFramework-WebChat,HTML,1585,1692,455
https://api.github.com/repos/quarylabs/sqruff,601303277,quarylabs/sqruff,Rust,33,926,57
https://api.github.com/repos/OpenHFT/Java-Runtime-Compiler,13050340,OpenHFT/Java-Runtime-Compiler,Java,147,686,9
https://api.github.com/repos/ag2ai/ag2,886912514,ag2ai/ag2,Python,363,2882,254
https://api.github.com/repos/maekawatoshiki/rapidus,138584142,maekawatoshiki/rapidus,Rust,21,553,3
https://api.github.com/repos/oss-apps/split-pro,761694194,oss-apps/split-pro,TypeScript,71,672,40
https://api.github.com/repos/Azure/autorest,31089461,Azure/autorest,TypeSpec,741,4740,150
https://api.github.com/repos/Open-LLM-VTuber/Open-LLM-VTuber,722844356,Open-LLM-VTuber/Open-LLM-VTuber,Python,407,3632,65
https://api.github.com/repos/hashintel/hash,197033610,hashintel/hash,TypeScript,96,1229,36
https://api.github.com/repos/python/devguide,63972479,python/devguide,Python,867,1951,109
https://api.github.com/repos/moonbitlang/core,749681472,moonbitlang/core,MoonBit,125,879,77
https://api.github.com/repos/microsoft/magentic-ui,978331188,microsoft/magentic-ui,Python,577,5765,69
https://api.github.com/repos/mrwadams/stride-gpt,626117554,mrwadams/stride-gpt,Python,220,771,10
https://api.github.com/repos/BerriAI/litellm,671269505,BerriAI/litellm,Python,3305,24540,1345
https://api.github.com/repos/assistant-ui/assistant-ui,722184017,assistant-ui/assistant-ui,TypeScript,589,5052,36
https://api.github.com/repos/apache/pinot,19961085,apache/pinot,Java,1393,5813,1774
https://api.github.com/repos/aipotheosis-labs/aci,859956307,aipotheosis-labs/aci,Python,372,4096,38
https://api.github.com/repos/wandb/weave,650377372,wandb/weave,TypeScript,106,911,406
https://api.github.com/repos/microsoft/qsharp,593773927,microsoft/qsharp,Rust,130,719,152
https://api.github.com/repos/licensee/licensee,23022377,licensee/licensee,Ruby,295,840,30
https://api.github.com/repos/alexpfau/calendar-card-pro,939311749,alexpfau/calendar-card-pro,TypeScript,53,829,46
https://api.github.com/repos/zeroc-ice/ice,31625029,zeroc-ice/ice,C++,603,2111,112
https://api.github.com/repos/dotnet/yarp,245235133,dotnet/yarp,C#,882,9094,174
https://api.github.com/repos/leonardsellem/n8n-mcp-server,947387660,leonardsellem/n8n-mcp-server,TypeScript,95,544,16
https://api.github.com/repos/cline/cline,824874689,cline/cline,TypeScript,5853,46267,485
https://api.github.com/repos/obi1kenobi/cargo-semver-checks,513328880,obi1kenobi/cargo-semver-checks,Rust,102,1412,184
https://api.github.com/repos/beeradmoore/dlss-swapper,393538656,beeradmoore/dlss-swapper,C#,124,4272,88
https://api.github.com/repos/laravel-workflow/laravel-workflow,463354076,laravel-workflow/laravel-workflow,PHP,49,1035,1
https://api.github.com/repos/OpenHFT/Chronicle-Wire,29301872,OpenHFT/Chronicle-Wire,Java,131,553,56
https://api.github.com/repos/alexei-led/pumba,54481074,alexei-led/pumba,Go,197,2883,33
https://api.github.com/repos/daohoangson/flutter_widget_from_html,153501774,daohoangson/flutter_widget_from_html,Dart,272,719,130
https://api.github.com/repos/samayo/country-json,36635066,samayo/country-json,JavaScript,804,1122,2
https://api.github.com/repos/microsoft/RulesEngine,199628708,microsoft/RulesEngine,C#,592,3959,63
https://api.github.com/repos/marcio/react-skylight,28653716,marcio/react-skylight,JavaScript,96,571,10
https://api.github.com/repos/geekan/HowToLiveLonger,482152820,geekan/HowToLiveLonger,,2280,33121,32
https://api.github.com/repos/whitphx/streamlit-webrtc,326705246,whitphx/streamlit-webrtc,Python,209,1593,77
https://api.github.com/repos/ballerine-io/ballerine,544592629,ballerine-io/ballerine,TypeScript,233,2202,57
https://api.github.com/repos/Kiln-AI/Kiln,832879402,Kiln-AI/Kiln,Python,270,3834,28
https://api.github.com/repos/logancyang/obsidian-copilot,621575252,logancyang/obsidian-copilot,TypeScript,388,4852,250
https://api.github.com/repos/llm-workflow-engine/llm-workflow-engine,573822937,llm-workflow-engine/llm-workflow-engine,Python,472,3706,3
https://api.github.com/repos/theturtle32/WebSocket-Node,1590986,theturtle32/WebSocket-Node,JavaScript,603,3779,71
https://api.github.com/repos/Kanaries/pygwalker,602389947,Kanaries/pygwalker,Python,796,14969,66
https://api.github.com/repos/thomasahle/sunfish,16690938,thomasahle/sunfish,Python,567,3109,25
https://api.github.com/repos/mitsuhiko/insta,165561258,mitsuhiko/insta,Rust,122,2519,56
https://api.github.com/repos/mem0ai/mem0,656099147,mem0ai/mem0,Python,3580,35363,475
https://api.github.com/repos/oapi-codegen/oapi-codegen,173009358,oapi-codegen/oapi-codegen,Go,947,7246,687
https://api.github.com/repos/michelpereira/awesome-games-of-coding,80900906,michelpereira/awesome-games-of-coding,,92,1992,2
https://api.github.com/repos/lumen-notes/lumen,517126881,lumen-notes/lumen,TypeScript,30,506,63
https://api.github.com/repos/siteorigin/siteorigin-panels,27819787,siteorigin/siteorigin-panels,PHP,182,611,20
https://api.github.com/repos/dotnet/SqlClient,173170791,dotnet/SqlClient,C#,310,920,273
https://api.github.com/repos/tact-lang/tact,602987603,tact-lang/tact,TypeScript,191,622,824
https://api.github.com/repos/web-infra-dev/rspack,476642602,web-infra-dev/rspack,Rust,745,11642,208
https://api.github.com/repos/satmihir/fair,853101072,satmihir/fair,Go,16,760,1
https://api.github.com/repos/thirdweb-dev/js,529729250,thirdweb-dev/js,TypeScript,553,532,13
https://api.github.com/repos/android/wear-os-samples,192007253,android/wear-os-samples,Kotlin,605,1235,19
https://api.github.com/repos/wandb/openui,773544702,wandb/openui,TypeScript,2003,21524,76
https://api.github.com/repos/kanisterio/kanister,111599187,kanisterio/kanister,Go,165,823,72
https://api.github.com/repos/primer/react,121814210,primer/react,TypeScript,615,3587,77
https://api.github.com/repos/patched-codes/patchwork,782544882,patched-codes/patchwork,Python,95,1382,189
https://api.github.com/repos/sandrohanea/whisper.net,597109271,sandrohanea/whisper.net,C#,109,758,26
https://api.github.com/repos/dotnet/machinelearning,132021166,dotnet/machinelearning,C#,1924,9211,989
https://api.github.com/repos/kiwicom/orbit,121522380,kiwicom/orbit,TypeScript,159,1419,39
https://api.github.com/repos/Rangi42/polishedcrystal,92287038,Rangi42/polishedcrystal,Assembly,233,1229,79
https://api.github.com/repos/better-auth/better-auth,803014189,better-auth/better-auth,TypeScript,1082,15334,542
https://api.github.com/repos/microsoft/documentdb,920805662,microsoft/documentdb,C,96,1763,39
https://api.github.com/repos/volcengine/verl,881221486,volcengine/verl,Python,1634,9968,722
https://api.github.com/repos/herbie-fp/herbie,13683952,herbie-fp/herbie,HTML,40,808,20
https://api.github.com/repos/maplibre/maplibre-native,314553426,maplibre/maplibre-native,C++,398,1392,437
https://api.github.com/repos/potpie-ai/potpie,841370602,potpie-ai/potpie,Python,416,4649,56
https://api.github.com/repos/dlt-hub/dlt,452221115,dlt-hub/dlt,Python,297,3770,274
https://api.github.com/repos/midudev/preguntas-entrevista-react,529837621,midudev/preguntas-entrevista-react,JavaScript,727,7433,9
https://api.github.com/repos/spcl/dace,172703996,spcl/dace,Python,139,534,234
https://api.github.com/repos/ikamensh/flynt,174731004,ikamensh/flynt,Python,39,714,29
https://api.github.com/repos/Kanaries/graphic-walker,542017915,Kanaries/graphic-walker,TypeScript,150,2873,23
https://api.github.com/repos/ben-sb/obfuscator-io-deobfuscator,675293325,ben-sb/obfuscator-io-deobfuscator,TypeScript,119,556,6
https://api.github.com/repos/getsentry/sentry-javascript,3328572,getsentry/sentry-javascript,TypeScript,1683,8296,394
https://api.github.com/repos/microsoft/cpprestsdk,23202799,microsoft/cpprestsdk,C++,1685,8172,875
https://api.github.com/repos/strawberry-graphql/strawberry,162690887,strawberry-graphql/strawberry,Python,575,4312,474
https://api.github.com/repos/akvorado/akvorado,508330030,akvorado/akvorado,Go,107,1670,44
https://api.github.com/repos/mermaid-js/mermaid,26066727,mermaid-js/mermaid,TypeScript,7714,80721,1391
https://api.github.com/repos/hypothesis/client,62234930,hypothesis/client,Mustache,208,663,192
https://api.github.com/repos/barryclark/jekyll-now,16599031,barryclark/jekyll-now,CSS,35308,8338,374
https://api.github.com/repos/facet-rs/facet,945896114,facet-rs/facet,Rust,70,1864,81
https://api.github.com/repos/rezaakb/pinns-torch,676901255,rezaakb/pinns-torch,Python,83,557,10
https://api.github.com/repos/n3d1117/chatgpt-telegram-bot,574160606,n3d1117/chatgpt-telegram-bot,Python,1525,3299,108
https://api.github.com/repos/traccar/traccar,4038949,traccar/traccar,Java,2818,5958,463
https://api.github.com/repos/dotnet/maui,262395224,dotnet/maui,C#,1847,22760,4354
https://api.github.com/repos/mono/SkiaSharp,52293126,mono/SkiaSharp,C#,576,4940,670
https://api.github.com/repos/rqlite/rqlite,23247808,rqlite/rqlite,Go,742,16696,72
https://api.github.com/repos/sam-goodwin/alchemy,917974798,sam-goodwin/alchemy,TypeScript,45,563,84
https://api.github.com/repos/benbalter/wordpress-to-jekyll-exporter,5458422,benbalter/wordpress-to-jekyll-exporter,PHP,131,1052,10
https://api.github.com/repos/0x4D31/galah,737647437,0x4D31/galah,Go,50,551,7
https://api.github.com/repos/unbug/codelf,47925804,unbug/codelf,JavaScript,971,14175,42
https://api.github.com/repos/microsoft/MIEngine,36405087,microsoft/MIEngine,C#,224,831,167
https://api.github.com/repos/datopian/portaljs,2579069,datopian/portaljs,TypeScript,330,2226,77
https://api.github.com/repos/oraios/serena,953683578,oraios/serena,Python,214,2822,52
https://api.github.com/repos/dotnet/docfx,38007053,dotnet/docfx,C#,875,4272,410
https://api.github.com/repos/Azure/azure-cosmos-dotnet-v3,156260788,Azure/azure-cosmos-dotnet-v3,C#,510,774,448
https://api.github.com/repos/microsoft/pict,44393232,microsoft/pict,C++,306,1336,19
https://api.github.com/repos/Kuingsmile/word-GPT-Plus,631752113,Kuingsmile/word-GPT-Plus,Vue,158,872,1
https://api.github.com/repos/Azure/azure-sdk-for-net,2928944,Azure/azure-sdk-for-net,C#,4987,5807,1140
https://api.github.com/repos/antiwork/gumroad,959682770,antiwork/gumroad,Ruby,962,6237,38
https://api.github.com/repos/FarmBot/Farmbot-Web-App,17652873,FarmBot/Farmbot-Web-App,TypeScript,346,932,37
https://api.github.com/repos/dotnet/Nerdbank.GitVersioning,35752188,dotnet/Nerdbank.GitVersioning,C#,174,1470,75
https://api.github.com/repos/allenai/open-instruct,651622038,allenai/open-instruct,Python,408,3027,22
https://api.github.com/repos/maybe-finance/maybe,737898780,maybe-finance/maybe,Ruby,3291,44755,64
https://api.github.com/repos/risingwavelabs/risingwave,453068084,risingwavelabs/risingwave,Rust,653,7913,1244
https://api.github.com/repos/promptfoo/promptfoo,633927609,promptfoo/promptfoo,TypeScript,584,7323,238
https://api.github.com/repos/BeehiveInnovations/zen-mcp-server,998428732,BeehiveInnovations/zen-mcp-server,Python,298,3146,23
https://api.github.com/repos/Intelligent-Internet/ii-agent,962134278,Intelligent-Internet/ii-agent,Python,370,2527,16
https://api.github.com/repos/projectnessie/nessie,254450741,projectnessie/nessie,Java,153,1247,137
https://api.github.com/repos/dagster-io/dagster,131619646,dagster-io/dagster,Python,1726,13430,2921
https://api.github.com/repos/EdgeTranslate/EdgeTranslate,139444141,EdgeTranslate/EdgeTranslate,JavaScript,359,2859,150
https://api.github.com/repos/airbytehq/airbyte,283046497,airbytehq/airbyte,Python,4606,18520,1995
https://api.github.com/repos/microsoft/react-native-windows,48009214,microsoft/react-native-windows,C++,1164,16882,734
https://api.github.com/repos/reacherhq/check-if-email-exists,89359792,reacherhq/check-if-email-exists,Rust,370,4555,77
https://api.github.com/repos/DonDebonair/slack-machine,102102105,DonDebonair/slack-machine,Python,56,766,15
https://api.github.com/repos/optiscaler/OptiScaler,728625849,optiscaler/OptiScaler,C++,111,3612,38
https://api.github.com/repos/getsentry/sentry-python,137814779,getsentry/sentry-python,Python,549,2031,196
https://api.github.com/repos/microsoft/vscode-remote-release,177839194,microsoft/vscode-remote-release,Dockerfile,347,3889,975
https://api.github.com/repos/noneback/go-taskflow,767894250,noneback/go-taskflow,Go,25,555,2
https://api.github.com/repos/imfing/hextra,668453226,imfing/hextra,HTML,276,1355,79
https://api.github.com/repos/ironcalc/IronCalc,721069510,ironcalc/IronCalc,Rust,81,2452,111
https://api.github.com/repos/Humanizr/Humanizer,4213474,Humanizr/Humanizer,C#,982,8995,182
https://api.github.com/repos/bespokelabsai/curator,879473096,bespokelabsai/curator,Python,110,1417,58
https://api.github.com/repos/milkshakesoftware/PreMailer.Net,1608922,milkshakesoftware/PreMailer.Net,C#,119,666,16
https://api.github.com/repos/blorm-network/ZerePy,892165167,blorm-network/ZerePy,Python,248,587,38
https://api.github.com/repos/pixijs/pixijs,7741856,pixijs/pixijs,TypeScript,4863,45290,472
https://api.github.com/repos/anthropics/claude-code-action,986421638,anthropics/claude-code-action,TypeScript,856,1290,62
https://api.github.com/repos/igorm84/spotify-astro-transitions,686434145,igorm84/spotify-astro-transitions,Astro,84,627,2
https://api.github.com/repos/joshuafuller/ATAK-Maps,280296762,joshuafuller/ATAK-Maps,,110,807,4
https://api.github.com/repos/dotnet/Open-XML-SDK,20532052,dotnet/Open-XML-SDK,C#,562,4256,106
https://api.github.com/repos/objectionary/eo,73056727,objectionary/eo,Java,160,1225,87
https://api.github.com/repos/weecology/DeepForest,124290023,weecology/DeepForest,Python,214,634,86
https://api.github.com/repos/apache/pulsar,62117812,apache/pulsar,Java,3646,14685,1570
https://api.github.com/repos/cvxpy/cvxpy,11110385,cvxpy/cvxpy,C++,1109,5797,266
https://api.github.com/repos/keitaoouchi/MarkdownView,90937598,keitaoouchi/MarkdownView,Swift,226,2074,44
https://api.github.com/repos/dotnet/wcf,35562993,dotnet/wcf,C#,572,1739,316
https://api.github.com/repos/julep-ai/julep,781914762,julep-ai/julep,Python,931,5586,105
https://api.github.com/repos/morphik-org/morphik-core,886966165,morphik-org/morphik-core,Python,221,2706,32
https://api.github.com/repos/wled/WLED,76990209,wled/WLED,C++,3629,16382,437
https://api.github.com/repos/dotnet/sdk,63984307,dotnet/sdk,C#,1130,2926,2849
https://api.github.com/repos/metalbear-co/mirrord,454467716,metalbear-co/mirrord,Rust,128,4179,222
https://api.github.com/repos/openai/SWELancer-Benchmark,934963130,openai/SWELancer-Benchmark,Python,134,1408,33
https://api.github.com/repos/git/git-scm.com,3662248,git/git-scm.com,HTML,1295,2267,18
https://api.github.com/repos/dotnet/core,26784827,dotnet/core,PowerShell,4926,21467,324
https://api.github.com/repos/dotnet/runtime,210716005,dotnet/runtime,C#,5053,16548,8870
https://api.github.com/repos/electricitymaps/electricitymaps-contrib,59370571,electricitymaps/electricitymaps-contrib,Python,1008,3854,302
https://api.github.com/repos/tokens-studio/figma-plugin,265001214,tokens-studio/figma-plugin,TypeScript,206,1446,222
https://api.github.com/repos/github/choosealicense.com,11426474,github/choosealicense.com,Ruby,1423,3866,49
https://api.github.com/repos/RooCodeInc/Roo-Code,881506708,RooCodeInc/Roo-Code,TypeScript,1712,16012,414
https://api.github.com/repos/triggerdotdev/trigger.dev,572570113,triggerdotdev/trigger.dev,TypeScript,739,11529,122
https://api.github.com/repos/dotnet/orleans,28232663,dotnet/orleans,C#,2089,10412,626
https://api.github.com/repos/artsy/eigen,29702213,artsy/eigen,TypeScript,592,3673,25
https://api.github.com/repos/OpenAdaptAI/OpenAdapt,627024850,OpenAdaptAI/OpenAdapt,Python,189,1308,417
https://api.github.com/repos/lyqht/mini-qr,630944068,lyqht/mini-qr,Vue,162,1236,13
https://api.github.com/repos/acacode/swagger-typescript-api,233476269,acacode/swagger-typescript-api,TypeScript,404,3782,222
https://api.github.com/repos/danny-avila/LibreChat,600596928,danny-avila/LibreChat,TypeScript,4804,27131,223
https://api.github.com/repos/cameroncooke/XcodeBuildMCP,945551361,cameroncooke/XcodeBuildMCP,TypeScript,73,1769,14
https://api.github.com/repos/microsoft/openvmm,765938063,microsoft/openvmm,Rust,129,1717,223
https://api.github.com/repos/pulumi/examples,108589232,pulumi/examples,TypeScript,881,2494,150
https://api.github.com/repos/test-zeus-ai/testzeus-hercules,888701643,test-zeus-ai/testzeus-hercules,Python,88,568,17
https://api.github.com/repos/nunocoracao/blowfish,534798642,nunocoracao/blowfish,HTML,551,2057,59
https://api.github.com/repos/artsy/force,22887404,artsy/force,TypeScript,151,618,65
https://api.github.com/repos/cloudposse/atmos,292427680,cloudposse/atmos,Go,121,1077,124
https://api.github.com/repos/PRQL/prql,449091292,PRQL/prql,Rust,235,10317,268
https://api.github.com/repos/DataDog/dd-trace-go,67680905,DataDog/dd-trace-go,Go,466,768,172
https://api.github.com/repos/JuliaLang/julia,1644196,JuliaLang/julia,Julia,5598,47255,5001
https://api.github.com/repos/Blaizzy/mlx-vlm,787462297,Blaizzy/mlx-vlm,Python,134,1352,99
https://api.github.com/repos/oekazuma/svelte-meta-tags,385653134,oekazuma/svelte-meta-tags,TypeScript,27,587,3
https://api.github.com/repos/featureform/enrichmcp,958026130,featureform/enrichmcp,Python,22,530,3
https://api.github.com/repos/JoshuaC215/agent-service-toolkit,838093526,JoshuaC215/agent-service-toolkit,Python,485,3197,10
https://api.github.com/repos/continuedev/continue,644686905,continuedev/continue,TypeScript,3034,27313,960
https://api.github.com/repos/microsoft/azure-pipelines-agent,53052789,microsoft/azure-pipelines-agent,C#,887,1800,232
https://api.github.com/repos/mistralai/mistral-common,786756993,mistralai/mistral-common,Python,91,748,34
https://api.github.com/repos/astronomer/dag-factory,158467856,astronomer/dag-factory,Python,200,1310,90
https://api.github.com/repos/1340691923/ElasticView,346323211,1340691923/ElasticView,Go,178,1234,17
https://api.github.com/repos/konvajs/react-konva,48938908,konvajs/react-konva,TypeScript,278,6020,2
https://api.github.com/repos/AvaloniaUI/Avalonia,14964475,AvaloniaUI/Avalonia,C#,2418,27986,1719
https://api.github.com/repos/seasonedcc/remix-forms,463116412,seasonedcc/remix-forms,TypeScript,26,518,31
https://api.github.com/repos/openai/openai-agents-python,946380199,openai/openai-agents-python,Python,1788,11943,207
https://api.github.com/repos/vectordotdev/vector,146327667,vectordotdev/vector,Rust,1776,19796,2059
https://api.github.com/repos/effekseer/Effekseer,13696235,effekseer/Effekseer,C++,226,1555,94
https://api.github.com/repos/calcom/cal.com,350360184,calcom/cal.com,TypeScript,9800,36810,1303
https://api.github.com/repos/sourcebot-dev/sourcebot,846729675,sourcebot-dev/sourcebot,TypeScript,105,1946,50
https://api.github.com/repos/AgentOps-AI/tokencost,726692169,AgentOps-AI/tokencost,Python,82,1720,11
https://api.github.com/repos/microsoft/typespec,381857226,microsoft/typespec,Java,290,5204,912
https://api.github.com/repos/crewAIInc/crewAI-tools,742063678,crewAIInc/crewAI-tools,Python,395,1107,118
https://api.github.com/repos/PostHog/posthog.com,260550412,PostHog/posthog.com,TypeScript,578,531,670
https://api.github.com/repos/NousResearch/atropos,975086883,NousResearch/atropos,Python,121,514,26
https://api.github.com/repos/microsoft/semantic-kernel,607289185,microsoft/semantic-kernel,C#,3984,25172,472
https://api.github.com/repos/djacobs/PyAPNs,786406,djacobs/PyAPNs,Python,371,1225,59
https://api.github.com/repos/strapi/strapi,43441403,strapi/strapi,TypeScript,8643,67127,1149
https://api.github.com/repos/azu/promises-book,17328285,azu/promises-book,HTML,574,1383,17
https://api.github.com/repos/stanfordnlp/dspy,587050620,stanfordnlp/dspy,Python,1983,25795,186
https://api.github.com/repos/zenml-io/zenml,314197645,zenml-io/zenml,Python,512,4653,62
https://api.github.com/repos/gptme/gptme,618514446,gptme/gptme,Python,319,3875,97
https://api.github.com/repos/microsoft/playwright-mcp,952688112,microsoft/playwright-mcp,TypeScript,889,13053,39
https://api.github.com/repos/PySpur-Dev/pyspur,861892731,PySpur-Dev/pyspur,TypeScript,369,5177,25
https://api.github.com/repos/supabase/supabase,214587193,supabase/supabase,TypeScript,9024,84874,692
https://api.github.com/repos/jina-ai/node-DeepResearch,922423439,jina-ai/node-DeepResearch,TypeScript,406,4505,40
https://api.github.com/repos/microsoft/onnxruntime,156939672,microsoft/onnxruntime,C++,3293,17012,2592
https://api.github.com/repos/microsoft/azurelinux,281765424,microsoft/azurelinux,RPM Spec,585,4463,805
https://api.github.com/repos/GodsScion/Auto_job_applier_linkedIn,655060914,GodsScion/Auto_job_applier_linkedIn,Python,222,803,23
https://api.github.com/repos/sebastianwessel/quickjs,822144221,sebastianwessel/quickjs,TypeScript,24,741,6
https://api.github.com/repos/dust-tt/dust,526514610,dust-tt/dust,TypeScript,150,1149,197
https://api.github.com/repos/stack-chan/stack-chan,374381865,stack-chan/stack-chan,TypeScript,106,924,30
https://api.github.com/repos/tegnike/aituber-kit,705022737,tegnike/aituber-kit,TypeScript,107,548,43
https://api.github.com/repos/wolfSSL/wolfMQTT,44983668,wolfSSL/wolfMQTT,C,158,546,12
https://api.github.com/repos/writer/writer-framework,460609164,writer/writer-framework,Python,87,1411,37
https://api.github.com/repos/joshyattridge/smart-money-concepts,694848632,joshyattridge/smart-money-concepts,Python,413,757,17
https://api.github.com/repos/openai/codex,965415649,openai/codex,Rust,3322,29655,510
https://api.github.com/repos/open-webui/open-webui,701547123,open-webui/open-webui,JavaScript,13263,100156,226
https://api.github.com/repos/labring/laf,345325717,labring/laf,TypeScript,687,7542,45
https://api.github.com/repos/EvilBeaver/OneScript,55775973,EvilBeaver/OneScript,C#,111,504,95
https://api.github.com/repos/microsoft/vscode-docs,41443539,microsoft/vscode-docs,Markdown,5122,6036,108
https://api.github.com/repos/tradingview/lightweight-charts,188438191,tradingview/lightweight-charts,TypeScript,1858,11689,113
https://api.github.com/repos/polterguy/magic,175928083,polterguy/magic,C#,142,1010,3
https://api.github.com/repos/temporalio/temporal,215654064,temporalio/temporal,Go,1008,14619,571
https://api.github.com/repos/leighmcculloch/vagrant-docker-compose,35266839,leighmcculloch/vagrant-docker-compose,Ruby,71,688,8
https://api.github.com/repos/skypilot-org/skypilot,395140743,skypilot-org/skypilot,Python,686,8280,447
https://api.github.com/repos/coturn/coturn,39242894,coturn/coturn,C,2130,12557,374
https://api.github.com/repos/blefnk/relivator-nextjs-template,677839173,blefnk/relivator-nextjs-template,TypeScript,247,1341,3
https://api.github.com/repos/openai/openai-realtime-agents,917437058,openai/openai-realtime-agents,TypeScript,790,5943,19
https://api.github.com/repos/microsoft/roosterjs,97145011,microsoft/roosterjs,TypeScript,172,1257,51
https://api.github.com/repos/NuGet/NuGetGallery,2180736,NuGet/NuGetGallery,C#,656,1587,826
https://api.github.com/repos/comet-ml/opik,638951438,comet-ml/opik,Python,702,10262,130
https://api.github.com/repos/Chainlit/chainlit,613984283,Chainlit/chainlit,TypeScript,1386,10017,443
https://api.github.com/repos/primer/view_components,284805743,primer/view_components,Ruby,126,529,18
https://api.github.com/repos/abi/screenshot-to-code,718741813,abi/screenshot-to-code,Python,8672,70246,123
https://api.github.com/repos/microsoft/msquic,217654199,microsoft/msquic,C,582,4357,220
https://api.github.com/repos/vlm-run/vlmrun-hub,886899801,vlm-run/vlmrun-hub,Python,23,519,8
https://api.github.com/repos/microsoft/GSL,41005795,microsoft/GSL,C++,751,6442,11
https://api.github.com/repos/dotnet/macios,56710511,dotnet/macios,C#,543,2699,678
https://api.github.com/repos/catatsuy/private-isu,50724711,catatsuy/private-isu,JavaScript,306,523,7
https://api.github.com/repos/AhmedElywa/prisma-tools,255075959,AhmedElywa/prisma-tools,TypeScript,56,692,46
https://api.github.com/repos/hcengineering/platform,392073243,hcengineering/platform,TypeScript,1433,21645,804
https://api.github.com/repos/microsoft/etl2pcapng,208918651,microsoft/etl2pcapng,C,121,682,5
https://api.github.com/repos/anthropics/claude-code,937253475,anthropics/claude-code,Shell,848,15229,1262
https://api.github.com/repos/buefy/buefy,86840811,buefy/buefy,Vue,1112,9574,79
https://api.github.com/repos/lightvector/KataGo,172640711,lightvector/KataGo,C++,615,4033,438
https://api.github.com/repos/lingodotdev/lingo.dev,771479895,lingodotdev/lingo.dev,TypeScript,131,2621,25
https://api.github.com/repos/LeagueAkari/LeagueAkari,733416574,LeagueAkari/LeagueAkari,TypeScript,136,1526,5
https://api.github.com/repos/nexus-xyz/nexus-cli,840078948,nexus-xyz/nexus-cli,Rust,317,747,63
https://api.github.com/repos/lollipopkit/flutter_server_box,405856817,lollipopkit/flutter_server_box,Dart,404,6296,84
https://api.github.com/repos/willccbb/verifiers,920603619,willccbb/verifiers,Python,172,1368,17
https://api.github.com/repos/linkerd/linkerd2-proxy,140121383,linkerd/linkerd2-proxy,Rust,273,2047,11
https://api.github.com/repos/rainbow-me/rainbowkit,392610935,rainbow-me/rainbowkit,MDX,718,2613,35
https://api.github.com/repos/Portkey-AI/gateway,682080300,Portkey-AI/gateway,TypeScript,612,8128,123
https://api.github.com/repos/ikarus23/MifareClassicTool,8161461,ikarus23/MifareClassicTool,Java,947,5186,34
https://api.github.com/repos/getsentry/sentry-laravel,57104860,getsentry/sentry-laravel,PHP,192,1295,16
https://api.github.com/repos/graniet/operative-framework,77898934,graniet/operative-framework,Rust,170,719,1
https://api.github.com/repos/microsoft/graphrag,778431525,microsoft/graphrag,Python,2681,26031,192
https://api.github.com/repos/pingdotgg/uploadthing,638794799,pingdotgg/uploadthing,TypeScript,377,4795,36
https://api.github.com/repos/synth-inc/onit,860671682,synth-inc/onit,Swift,33,936,46
https://api.github.com/repos/Igalia/wolvic,440485399,Igalia/wolvic,Java,115,891,133
https://api.github.com/repos/mattiasw/ExifReader,3084583,mattiasw/ExifReader,JavaScript,95,873,9
https://api.github.com/repos/HumanSignal/label-studio-ml-backend,252506212,HumanSignal/label-studio-ml-backend,Python,331,763,158
https://api.github.com/repos/lordmauve/pgzero,122837644,lordmauve/pgzero,Python,199,572,126
https://api.github.com/repos/kiwix/kiwix-android,79377628,kiwix/kiwix-android,Kotlin,485,1020,83
https://api.github.com/repos/nemtsov/json-mask,11362272,nemtsov/json-mask,JavaScript,44,868,4
https://api.github.com/repos/EricLBuehler/mistral.rs,763774926,EricLBuehler/mistral.rs,Rust,420,5773,209
https://api.github.com/repos/vllm-project/vllm,599547518,vllm-project/vllm,Python,8316,50716,2675
https://api.github.com/repos/okteto/okteto,143846881,okteto/okteto,Go,311,3410,36
https://api.github.com/repos/neondatabase/neon,351806852,neondatabase/neon,Rust,699,18884,950
https://api.github.com/repos/Skyvern-AI/skyvern,764723738,Skyvern-AI/skyvern,Python,1126,13672,129
https://api.github.com/repos/tinygrad/tinygrad,305144746,tinygrad/tinygrad,Python,3474,29472,217
https://api.github.com/repos/ForumMagnum/ForumMagnum,77873947,ForumMagnum/ForumMagnum,TypeScript,130,636,911
https://api.github.com/repos/OHIF/Viewers,44164233,OHIF/Viewers,TypeScript,3758,3677,271
https://api.github.com/repos/syedazharmbnr1/claude-chatgpt-mcp,939984036,syedazharmbnr1/claude-chatgpt-mcp,JavaScript,78,688,7
https://api.github.com/repos/huggingface/blog,240541316,huggingface/blog,Jupyter Notebook,877,2996,209
https://api.github.com/repos/dotnet/performance,124948838,dotnet/performance,F#,280,731,247
https://api.github.com/repos/AgentOps-AI/agentops,679017521,AgentOps-AI/agentops,Python,423,4596,77
https://api.github.com/repos/JhumanJ/OpnForm,539168222,JhumanJ/OpnForm,PHP,377,2655,13
https://api.github.com/repos/LayerZero-Labs/LayerZero-v2,729046251,LayerZero-Labs/LayerZero-v2,Move,408,658,58
https://api.github.com/repos/zhw2590582/ArtPlayer,152095243,zhw2590582/ArtPlayer,JavaScript,295,2973,19
https://api.github.com/repos/livepeer/go-livepeer,94728962,livepeer/go-livepeer,Go,190,561,300
https://api.github.com/repos/osmosis-labs/osmosis,304841810,osmosis-labs/osmosis,Go,671,943,257
https://api.github.com/repos/opengisch/QField,27185284,opengisch/QField,C++,261,967,221
https://api.github.com/repos/dotnet/efcore,16157746,dotnet/efcore,C#,3273,14192,2406
https://api.github.com/repos/quiltdata/quilt,81518954,quiltdata/quilt,TypeScript,91,1341,37
https://api.github.com/repos/liveblocks/liveblocks,370740787,liveblocks/liveblocks,TypeScript,356,4033,68
https://api.github.com/repos/gitpod-io/gitpod,130879558,gitpod-io/gitpod,TypeScript,1299,13354,467
https://api.github.com/repos/microsoft/PowerToys,184456251,microsoft/PowerToys,C#,7119,120239,6813
https://api.github.com/repos/mautic/mautic,12204147,mautic/mautic,PHP,2896,8236,463
https://api.github.com/repos/pulumi/pulumi,72477752,pulumi/pulumi,Go,1208,23329,2313
https://api.github.com/repos/wizarrrr/wizarr,535751429,wizarrrr/wizarr,Python,115,1862,28
https://api.github.com/repos/Azure-Samples/azure-search-openai-demo,599293758,Azure-Samples/azure-search-openai-demo,Python,4838,7093,631
https://api.github.com/repos/tonybaloney/CSnakes,830335824,tonybaloney/CSnakes,C#,48,841,102
https://api.github.com/repos/badtuxx/girus-cli,953558104,badtuxx/girus-cli,Go,184,1985,7
https://api.github.com/repos/tech-systems/panes,217775615,tech-systems/panes,TypeScript,42,716,31
https://api.github.com/repos/recallnet/js-recall,914048456,recallnet/js-recall,TypeScript,35,965,176
https://api.github.com/repos/bitcoin/bitcoin,1181927,bitcoin/bitcoin,C++,37416,84312,751
https://api.github.com/repos/toeverything/AFFiNE,519859998,toeverything/AFFiNE,TypeScript,3482,52003,228
https://api.github.com/repos/NethermindEth/nethermind,101194285,NethermindEth/nethermind,C#,523,1412,466
https://api.github.com/repos/jomjol/AI-on-the-edge-device,283280154,jomjol/AI-on-the-edge-device,C++,753,7274,130
https://api.github.com/repos/OpenHFT/Chronicle-Core,31261793,OpenHFT/Chronicle-Core,Java,133,607,10
https://api.github.com/repos/superlinear-ai/raglite,812973394,superlinear-ai/raglite,Python,95,1021,17
https://api.github.com/repos/unxsist/jet-pilot,734105072,unxsist/jet-pilot,Vue,26,597,13
https://api.github.com/repos/rilldata/rill,436466520,rilldata/rill,Go,138,2102,317
https://api.github.com/repos/dotnet/diagnostics,126257942,dotnet/diagnostics,C++,378,1270,329
https://api.github.com/repos/bionic-gpt/bionic-gpt,663396489,bionic-gpt/bionic-gpt,Rust,216,2192,16
https://api.github.com/repos/leoafarias/fvm,172011048,leoafarias/fvm,Dart,256,5062,84
https://api.github.com/repos/Azure-Samples/serverless-chat-langchainjs,753664908,Azure-Samples/serverless-chat-langchainjs,Bicep,445,813,7
https://api.github.com/repos/arikchakma/maily.to,657626792,arikchakma/maily.to,TypeScript,186,3130,1
https://api.github.com/repos/ESPresense/ESPresense,397588892,ESPresense/ESPresense,C,156,1244,116
https://api.github.com/repos/dnnsoftware/Dnn.Platform,12095044,dnnsoftware/Dnn.Platform,C#,761,1080,271
https://api.github.com/repos/microsoft/playwright-dotnet,235572844,microsoft/playwright-dotnet,C#,268,2704,49
https://api.github.com/repos/codemod-com/codemod,748613975,codemod-com/codemod,TypeScript,50,696,39
https://api.github.com/repos/colinhacks/zod,245704608,colinhacks/zod,TypeScript,1510,38730,538
https://api.github.com/repos/microsoft/vscode,41881900,microsoft/vscode,TypeScript,33305,173870,10826
https://api.github.com/repos/AlaSQL/alasql,25780780,AlaSQL/alasql,JavaScript,680,7153,453
https://api.github.com/repos/livekit/agents,707441527,livekit/agents,Python,1007,6567,348
https://api.github.com/repos/orbitinghail/graft,856550745,orbitinghail/graft,Rust,21,1217,25
https://api.github.com/repos/simonw/tools,779431605,simonw/tools,HTML,86,825,17
https://api.github.com/repos/csvoss/onelinerizer,29375764,csvoss/onelinerizer,Python,112,1533,12
https://api.github.com/repos/567-labs/instructor,653589102,567-labs/instructor,Python,805,10815,44
https://api.github.com/repos/Doriandarko/deepseek-engineer,908732555,Doriandarko/deepseek-engineer,Python,365,2161,13
https://api.github.com/repos/Azure/azure-storage-fuse,103307180,Azure/azure-storage-fuse,Go,232,750,21
https://api.github.com/repos/microsoft/Microsoft365DSC,158580093,microsoft/Microsoft365DSC,PowerShell,561,1863,325
https://api.github.com/repos/crewAIInc/crewAI,710601088,crewAIInc/crewAI,Python,4480,33346,115
https://api.github.com/repos/analogdotnow/Analog,984965707,analogdotnow/Analog,TypeScript,103,848,38
https://api.github.com/repos/syntasso/kratix,368236463,syntasso/kratix,Go,41,602,58
https://api.github.com/repos/livestorejs/livestore,694709543,livestorejs/livestore,TypeScript,66,2524,148
https://api.github.com/repos/basetenlabs/truss,511003180,basetenlabs/truss,Python,88,1015,80
https://api.github.com/repos/jafioti/luminal,668039137,jafioti/luminal,Rust,106,1706,22
https://api.github.com/repos/keepassxreboot/keepassxc,52729242,keepassxreboot/keepassxc,C++,1580,23464,734
https://api.github.com/repos/temporalio/sdk-go,215838955,temporalio/sdk-go,Go,244,652,199
https://api.github.com/repos/linkerd/linkerd2,113106184,linkerd/linkerd2,Go,1297,10991,207
https://api.github.com/repos/dropseed/plain,617269166,dropseed/plain,Python,10,614,1
https://api.github.com/repos/mlflow/mlflow,136202695,mlflow/mlflow,Python,4627,21014,1897
https://api.github.com/repos/lukemurraynz/awesome-azure-architecture,446684634,lukemurraynz/awesome-azure-architecture,,325,1602,0
https://api.github.com/repos/REhints/HexRaysCodeXplorer,10458757,REhints/HexRaysCodeXplorer,C++,401,2541,22
https://api.github.com/repos/Azure/azure-sdk-for-python,4127088,Azure/azure-sdk-for-python,Python,3031,4975,923
https://api.github.com/repos/langfuse/langfuse,642497346,langfuse/langfuse,TypeScript,1189,13054,327
https://api.github.com/repos/bambulab/BambuStudio,511797274,bambulab/BambuStudio,C++,408,2891,4195
https://api.github.com/repos/microsoft/onnxruntime-genai,718314761,microsoft/onnxruntime-genai,C++,191,743,138
https://api.github.com/repos/microsoft/OpenAPI.NET,97175798,microsoft/OpenAPI.NET,C#,259,1501,68
https://api.github.com/repos/liuliu/ccv,912896,liuliu/ccv,C,1712,7141,76
https://api.github.com/repos/facebook/idb,41870517,facebook/idb,Objective-C,449,4704,187
https://api.github.com/repos/modelcontextprotocol/typescript-sdk,862578138,modelcontextprotocol/typescript-sdk,TypeScript,965,7974,299
https://api.github.com/repos/pu2clr/SI4735,215525713,pu2clr/SI4735,HTML,193,683,11
https://api.github.com/repos/twentyhq/twenty,572984571,twentyhq/twenty,TypeScript,3343,28546,199
https://api.github.com/repos/onlook-dev/onlook,820087727,onlook-dev/onlook,TypeScript,1245,19419,244
https://api.github.com/repos/langchain-ai/langsmith-sdk,647427819,langchain-ai/langsmith-sdk,Python,123,579,145
https://api.github.com/repos/JMBeresford/retrom,788715163,JMBeresford/retrom,TypeScript,18,1178,45
https://api.github.com/repos/jina-ai/reader,784546140,jina-ai/reader,TypeScript,697,8887,102
https://api.github.com/repos/microsoft/vs-threading,70068171,microsoft/vs-threading,C#,154,1020,108
https://api.github.com/repos/nrwl/nx,100061716,nrwl/nx,TypeScript,2543,26121,736
https://api.github.com/repos/textlint/textlint,28478929,textlint/textlint,TypeScript,155,2947,49
https://api.github.com/repos/mediar-ai/terminator,964314175,mediar-ai/terminator,Rust,85,674,34
https://api.github.com/repos/razimantv/mazegenerator,10286641,razimantv/mazegenerator,C++,103,1070,7
https://api.github.com/repos/microsoft/TypeScript,20929025,microsoft/TypeScript,TypeScript,12888,105049,6092
https://api.github.com/repos/microsoft/garnet,681372871,microsoft/garnet,C#,580,11241,32
https://api.github.com/repos/zuiidea/antd-admin,50334710,zuiidea/antd-admin,JavaScript,2516,9671,32
https://api.github.com/repos/leonteale/pentestpackage,19128760,leonteale/pentestpackage,Python,251,615,0
https://api.github.com/repos/elixir-lsp/vscode-elixir-ls,166018537,elixir-lsp/vscode-elixir-ls,TypeScript,109,570,22
https://api.github.com/repos/nerfstudio-project/nerfstudio,498449014,nerfstudio-project/nerfstudio,Python,1442,10363,890
https://api.github.com/repos/MaiM-with-u/MaiBot,938859604,MaiM-with-u/MaiBot,Python,318,2710,42
https://api.github.com/repos/Z3Prover/z3,32944298,Z3Prover/z3,C++,1539,11138,158
https://api.github.com/repos/duplicati/duplicati,22636263,duplicati/duplicati,C#,966,12755,700
https://api.github.com/repos/frenck/spook,605635573,frenck/spook,Python,46,768,15
https://api.github.com/repos/microsoft/azuredatastudio,109200851,microsoft/azuredatastudio,TypeScript,936,7683,2559
https://api.github.com/repos/giongto35/cloud-game,179312486,giongto35/cloud-game,Go,363,2384,7
https://api.github.com/repos/reown-com/appkit,127246132,reown-com/appkit,TypeScript,1497,5180,85
https://api.github.com/repos/ReactiveCircus/android-emulator-runner,219782401,ReactiveCircus/android-emulator-runner,JavaScript,216,1084,77
https://api.github.com/repos/possibilities/claude-composer,991993003,possibilities/claude-composer,TypeScript,16,605,3
https://api.github.com/repos/yytypescript/book,228538361,yytypescript/book,TypeScript,109,1041,124
https://api.github.com/repos/supabase/etl,752940677,supabase/etl,Rust,38,720,45
https://api.github.com/repos/dartsim/dart,2418592,dartsim/dart,C++,288,977,164
https://api.github.com/repos/Azure/azure-rest-api-specs,39093389,Azure/azure-rest-api-specs,TypeSpec,5369,2883,2843
https://api.github.com/repos/medplum/medplum,360238600,medplum/medplum,TypeScript,493,1662,498
https://api.github.com/repos/Shopify/roast,963547829,Shopify/roast,Ruby,30,637,146
https://api.github.com/repos/antiwork/shortest,859537060,antiwork/shortest,TypeScript,294,5072,3
https://api.github.com/repos/wolfi-dev/os,533917104,wolfi-dev/os,Shell,360,981,634
https://api.github.com/repos/go-vikunja/vikunja,159556794,go-vikunja/vikunja,Go,158,1930,174
https://api.github.com/repos/open-lambda/open-lambda,61392620,open-lambda/open-lambda,Go,127,983,44
https://api.github.com/repos/barter-rs/barter-rs,548473954,barter-rs/barter-rs,Rust,222,1426,57
https://api.github.com/repos/huggingface/smolagents,898968194,huggingface/smolagents,Python,1780,20551,245
https://api.github.com/repos/allenai/reward-bench,735090310,allenai/reward-bench,Python,86,604,2
https://api.github.com/repos/microsoft/pxt-arcade,117767116,microsoft/pxt-arcade,TypeScript,232,509,519
https://api.github.com/repos/whitphx/stlite,492128644,whitphx/stlite,TypeScript,76,1421,75
https://api.github.com/repos/bytebot-ai/bytebot,926709003,bytebot-ai/bytebot,TypeScript,48,728,3
https://api.github.com/repos/ggml-org/llama.cpp,612354784,ggml-org/llama.cpp,C++,12193,82192,774
https://api.github.com/repos/operator-framework/operator-sdk,120650407,operator-framework/operator-sdk,Go,1767,7444,53
https://api.github.com/repos/Giorgi/DuckDB.NET,302982238,Giorgi/DuckDB.NET,C#,83,544,24
https://api.github.com/repos/davidmigloz/langchain_dart,649025519,davidmigloz/langchain_dart,Dart,126,553,35
https://api.github.com/repos/Azure/azure-sdk-for-rust,295810364,Azure/azure-sdk-for-rust,Rust,290,826,141
https://api.github.com/repos/imba/imba,20839462,imba/imba,JavaScript,179,6444,163
https://api.github.com/repos/PriorLabs/TabPFN,509436902,PriorLabs/TabPFN,Python,360,3921,43
https://api.github.com/repos/flyerhq/flutter_chat_ui,291527180,flyerhq/flutter_chat_ui,Dart,782,1911,22
https://api.github.com/repos/microsoft/Olive,201991558,microsoft/Olive,Python,218,1979,77
https://api.github.com/repos/huggingface/huggingface.js,598261814,huggingface/huggingface.js,TypeScript,437,2153,160
https://api.github.com/repos/katspaugh/wavesurfer.js,3618686,katspaugh/wavesurfer.js,TypeScript,1700,9415,36
https://api.github.com/repos/microsoft/PowerApps-Samples,126898329,microsoft/PowerApps-Samples,C#,1764,1705,40
https://api.github.com/repos/microsoft/RD-Agent,781261349,microsoft/RD-Agent,Python,585,6216,83
https://api.github.com/repos/RocketChat/Rocket.Chat.ReactNative,99262683,RocketChat/Rocket.Chat.ReactNative,TypeScript,1311,2215,345
https://api.github.com/repos/Blaizzy/mlx-audio,895253710,Blaizzy/mlx-audio,Python,178,2421,58
https://api.github.com/repos/dotnet/msbuild,32051890,dotnet/msbuild,C#,1383,5402,1463
https://api.github.com/repos/Netflix/metaflow,209120637,Netflix/metaflow,Python,844,8909,349
https://api.github.com/repos/CoderGamester/mcp-unity,948148972,CoderGamester/mcp-unity,C#,76,674,5
https://api.github.com/repos/shopware/shopware,131995661,shopware/shopware,PHP,1096,3077,1157
https://api.github.com/repos/block/goose,846698999,block/goose,Rust,1236,15130,308
https://api.github.com/repos/nuxeo/nuxeo,2988101,nuxeo/nuxeo,Java,389,663,32
https://api.github.com/repos/langchain-ai/langgraph,676672661,langchain-ai/langgraph,Python,2497,14759,111
https://api.github.com/repos/microsoft/autogen,680120071,microsoft/autogen,Python,7044,46435,469
https://api.github.com/repos/onyx-dot-app/onyx,633262635,onyx-dot-app/onyx,Python,1734,13062,257
https://api.github.com/repos/AmoyLab/Unla,966653795,AmoyLab/Unla,TypeScript,90,1307,29
https://api.github.com/repos/getsentry/sentry-cli,51176043,getsentry/sentry-cli,Rust,230,942,65
https://api.github.com/repos/microsoft/vscode-data-wrangler,587512129,microsoft/vscode-data-wrangler,,27,522,121
https://api.github.com/repos/microsoft/typescript-go,860100131,microsoft/typescript-go,Go,652,21008,105
https://api.github.com/repos/lightdash/lightdash,349372179,lightdash/lightdash,TypeScript,578,4830,1599
https://api.github.com/repos/hyperlight-dev/hyperlight,883829350,hyperlight-dev/hyperlight,Rust,133,3681,115
https://api.github.com/repos/pomerium/pomerium,163722349,pomerium/pomerium,Go,302,4316,138
https://api.github.com/repos/GitbookIO/gitbook,18280236,GitbookIO/gitbook,TypeScript,3985,28062,87
https://api.github.com/repos/state-spaces/s4,424280831,state-spaces/s4,Jupyter Notebook,325,2665,56
https://api.github.com/repos/Azure/azure-mcp,967503541,Azure/azure-mcp,C#,227,839,108
https://api.github.com/repos/OpenHFT/Java-Thread-Affinity,12974177,OpenHFT/Java-Thread-Affinity,Java,372,1851,8
https://api.github.com/repos/commaai/openpilot,74627617,commaai/openpilot,Python,9834,54164,159
https://api.github.com/repos/microsoft/playwright,221981891,microsoft/playwright,TypeScript,4279,74043,843
https://api.github.com/repos/Uniswap/interface,108706901,Uniswap/interface,TypeScript,5288,5224,771
https://api.github.com/repos/dotnet/arcade,121444325,dotnet/arcade,C#,375,694,459
https://api.github.com/repos/liam-hq/liam,839216423,liam-hq/liam,TypeScript,157,4099,46
https://api.github.com/repos/brentyi/tyro,413741832,brentyi/tyro,Python,33,659,21
https://api.github.com/repos/RAGEN-AI/RAGEN,922278962,RAGEN-AI/RAGEN,Python,157,2034,16
https://api.github.com/repos/Mail-0/Zero,926252103,Mail-0/Zero,TypeScript,832,8453,62
https://api.github.com/repos/BasedHardware/omi,776121034,BasedHardware/omi,C,846,5927,175
https://api.github.com/repos/ethereum-optimism/optimism,238797860,ethereum-optimism/optimism,Go,3623,6120,621
https://api.github.com/repos/fluent/fluent-bit,29933948,fluent/fluent-bit,C,1713,6997,715
https://api.github.com/repos/joamag/boytacean,565750987,joamag/boytacean,Rust,36,647,8
https://api.github.com/repos/unibeck/solstatus,969089225,unibeck/solstatus,TypeScript,68,747,20
https://api.github.com/repos/getsentry/sentry-dotnet,133374092,getsentry/sentry-dotnet,C#,220,689,316
https://api.github.com/repos/schemahero/schemahero,183834521,schemahero/schemahero,Go,79,1047,117
https://api.github.com/repos/jedisct1/dsvpn,197432758,jedisct1/dsvpn,C,400,5225,1
https://api.github.com/repos/kube-hetzner/terraform-hcloud-kube-hetzner,390985926,kube-hetzner/terraform-hcloud-kube-hetzner,HCL,452,3057,20
https://api.github.com/repos/samuelmaddock/metastream,144349270,samuelmaddock/metastream,TypeScript,213,2567,212
https://api.github.com/repos/sblom/RegExtract,318049537,sblom/RegExtract,C#,19,697,11
https://api.github.com/repos/Significant-Gravitas/AutoGPT,614765452,Significant-Gravitas/AutoGPT,Python,45833,176387,204
https://api.github.com/repos/ACEsuit/mace,505964914,ACEsuit/mace,Python,286,763,75
https://api.github.com/repos/modelcontextprotocol/inspector,867337374,modelcontextprotocol/inspector,TypeScript,571,4400,107
https://api.github.com/repos/bufbuild/buf,212465715,bufbuild/buf,Go,311,9990,53
https://api.github.com/repos/netbirdio/netbird,357897199,netbirdio/netbird,Go,760,16428,801
https://api.github.com/repos/lunary-ai/lunary,639824542,lunary-ai/lunary,TypeScript,160,1349,3
https://api.github.com/repos/FastVM/minivm,349848460,FastVM/minivm,C,60,1637,3
https://api.github.com/repos/johnwalley/allotment,400759551,johnwalley/allotment,TypeScript,63,1117,94
https://api.github.com/repos/tinyplex/tinybase,443220240,tinyplex/tinybase,TypeScript,115,4553,43
https://api.github.com/repos/pydata/pandas-datareader,29273084,pydata/pandas-datareader,Python,679,3050,143
https://api.github.com/repos/zoidsh/meru,57047271,zoidsh/meru,TypeScript,98,906,3
https://api.github.com/repos/astral-sh/ruff,523043277,astral-sh/ruff,Rust,1409,40328,1512
https://api.github.com/repos/near/nearcore,151331938,near/nearcore,Rust,715,2461,325
https://api.github.com/repos/rcaloras/bashhub-client,12858849,rcaloras/bashhub-client,Python,85,1282,34
https://api.github.com/repos/openai/openai-assistants-quickstart,794712823,openai/openai-assistants-quickstart,TypeScript,548,1887,20
https://api.github.com/repos/jnsahaj/tweakcn,948174507,jnsahaj/tweakcn,TypeScript,214,4018,15
https://api.github.com/repos/dense-analysis/neural,580974564,dense-analysis/neural,Vim Script,21,502,21
https://api.github.com/repos/whoiskatrin/chart-gpt,631699700,whoiskatrin/chart-gpt,TypeScript,350,3584,12
https://api.github.com/repos/hyperf/hyperf,159606650,hyperf/hyperf,PHP,1248,6523,397
https://api.github.com/repos/hotovo/aider-desk,913540439,hotovo/aider-desk,TypeScript,39,570,53
https://api.github.com/repos/heyverse/hey,471728341,heyverse/hey,TypeScript,1754,29280,3
https://api.github.com/repos/qltysh/qlty,37724576,qltysh/qlty,Rust,255,2690,19
https://api.github.com/repos/different-ai/note-companion,689765175,different-ai/note-companion,TypeScript,108,675,36
https://api.github.com/repos/reneschulte/WriteableBitmapEx,42940997,reneschulte/WriteableBitmapEx,C#,126,548,14
https://api.github.com/repos/elizaOS/eliza,826170402,elizaOS/eliza,TypeScript,5248,16126,47
https://api.github.com/repos/markuplint/markuplint,104835801,markuplint/markuplint,TypeScript,57,580,123
https://api.github.com/repos/vgmtrans/vgmtrans,11415199,vgmtrans/vgmtrans,C++,89,1015,112
https://api.github.com/repos/microsoft/azure-pipelines-tasks,27631673,microsoft/azure-pipelines-tasks,TypeScript,2643,3556,484
https://api.github.com/repos/antiwork/flexile,955904085,antiwork/flexile,Ruby,133,526,21
https://api.github.com/repos/clusterzx/paperless-ai,896927006,clusterzx/paperless-ai,JavaScript,136,3624,16
https://api.github.com/repos/ObservedObserver/streamlit-shadcn-ui,698517452,ObservedObserver/streamlit-shadcn-ui,TypeScript,86,964,28
https://api.github.com/repos/bentoml/BentoML,178976529,bentoml/BentoML,Python,848,7813,135
